,x,m/z,intensity,resolution,noise,S/N
0,2254,514.2845458984375,191125936.0,50207.0,14884.7412109375,12840.39361460703
1,2255,514.2846069335938,236903136.0,50507.0,18800.509765625,12600.888962763955
2,310,89.02323913574219,696743616.0,122102.0,56361.52734375,12362.042847961657
3,2258,514.28466796875,337074880.0,50207.0,27975.654296875,12048.864931736474
4,2265,514.28466796875,394289312.0,50407.0,33053.84375,11928.697763024913
5,2257,514.2846069335938,317211520.0,50507.0,26724.255859375,11869.798046732914
6,309,89.02325439453125,675985600.0,121802.0,57611.75390625,11733.46676964587
7,315,89.02324676513672,780076224.0,122502.0,66496.8359375,11731.027694809258
8,2261,514.28466796875,378676672.0,50407.0,32382.412109375,11693.899476079167
9,2260,514.2846069335938,381667840.0,50507.0,32695.88671875,11673.26775025576
10,2256,514.2845458984375,268326176.0,50407.0,23118.46484375,11606.57413083123
11,320,89.02324676513672,705298368.0,121702.0,60932.1953125,11575.134694930495
12,312,89.02325439453125,712934784.0,121302.0,61962.8046875,11505.850769596023
13,2264,514.2846069335938,377849568.0,50707.0,32854.51953125,11500.687679836667
14,325,89.02324676513672,657637056.0,121802.0,57252.31640625,11486.645384503752
15,311,89.02324676513672,740095488.0,121502.0,64455.25390625,11482.314367676947
16,2050,514.2846069335938,169078848.0,50407.0,14777.25,11441.834441455616
17,2281,514.2846069335938,297123616.0,50407.0,26043.162109375,11408.891698794198
18,2288,514.2846069335938,259417104.0,50507.0,22786.173828125,11384.847054918942
19,2268,514.28466796875,342610560.0,50307.0,30145.591796875,11365.196022972626
20,305,89.02324676513672,545240384.0,121502.0,47990.53515625,11361.414958695063
21,2286,514.28466796875,233749472.0,50607.0,20672.44140625,11307.298804549006
22,321,89.02324676513672,671334592.0,121002.0,59425.28515625,11297.120244939926
23,333,89.02325439453125,587945280.0,120902.0,52083.2265625,11288.57251757366
24,2269,514.28466796875,336438528.0,50407.0,29822.326171875,11281.431437004745
25,2049,514.2846069335938,163459488.0,50507.0,14524.7265625,11253.877124408
26,2277,514.28466796875,309250528.0,50307.0,27819.765625,11116.216152521954
27,2259,514.28466796875,342123904.0,50207.0,30843.66796875,11092.192548131145
28,2289,514.2846069335938,238299744.0,50207.0,21589.158203125,11037.9358823498
29,2278,514.2847290039062,269588640.0,50507.0,24580.404296875,10967.624321552506
30,313,89.02323913574219,679536000.0,120702.0,62396.21875,10890.65994083175
31,2275,514.28466796875,299933344.0,50307.0,27665.34765625,10841.481109392122
32,2271,514.28466796875,331134944.0,50307.0,30637.13671875,10808.286265124269
33,308,89.02323913574219,555766208.0,121702.0,51542.68359375,10782.640119797556
34,2262,514.2847290039062,373276864.0,50407.0,34656.3984375,10770.792143135546
35,314,89.02325439453125,683693248.0,121802.0,63848.26953125,10708.093626020234
36,2270,514.28466796875,324495968.0,50607.0,30425.28125,10665.339962962544
37,2280,514.28466796875,266269280.0,50307.0,24981.638671875,10658.599441668057
38,318,89.02325439453125,602309568.0,122502.0,56521.84765625,10656.22574235502
39,326,89.02326202392578,623116928.0,121802.0,58534.27734375,10645.33391846057
40,322,89.02324676513672,673796352.0,122002.0,63384.21875,10630.348772737694
41,306,89.02324676513672,533398048.0,122102.0,50331.26953125,10597.746748049349
42,316,89.02324676513672,633409152.0,120502.0,59775.06640625,10596.544513981027
43,307,89.02323913574219,584776640.0,120902.0,55264.9453125,10581.330293431654
44,2263,514.28466796875,349214944.0,50207.0,33121.27734375,10543.522835054458
45,2274,514.2846069335938,276628352.0,50607.0,26420.958984375,10470.03449661287
46,317,89.02325439453125,703247744.0,122002.0,67218.8515625,10462.061276755394
47,2287,514.28466796875,226117712.0,50507.0,21647.408203125,10445.486585657763
48,336,89.02324676513672,536977344.0,122002.0,51569.4609375,10412.700350907173
49,2253,514.2845458984375,137494096.0,50407.0,13250.16796875,10376.781360377801
50,2285,514.28466796875,238260256.0,50407.0,22963.431640625,10375.638089669912
51,2273,514.2847900390625,297415584.0,50307.0,28686.201171875,10367.897171815037
52,2051,514.28466796875,184843920.0,50307.0,17847.60546875,10356.791017352423
53,2272,514.28466796875,296141120.0,50507.0,28662.04296875,10332.170680327301
54,2276,514.2846069335938,261311632.0,50607.0,25295.28125,10330.449755327389
55,2296,514.2847290039062,189346880.0,50607.0,18342.904296875,10322.622684797969
56,2059,514.2847290039062,179221456.0,50307.0,17395.5625,10302.711165563056
57,332,89.02326965332031,566442240.0,121902.0,55018.0703125,10295.567197879447
58,324,89.02324676513672,654750272.0,121702.0,63691.5703125,10280.014588861532
59,304,89.02325439453125,447206560.0,121702.0,43575.09765625,10262.89289189595
60,4539,115.91968536376953,133681544.0,105807.0,13128.259765625,10182.731480529612
61,329,89.02326202392578,618469824.0,122502.0,60747.3359375,10181.019701609857
62,2054,514.2846069335938,197513104.0,50307.0,19405.13671875,10178.392807155806
63,2297,514.28466796875,176834496.0,50407.0,17379.724609375,10174.758229748453
64,2292,514.2847290039062,209639776.0,50407.0,20617.66796875,10167.967411142181
65,337,89.02325439453125,534241792.0,120902.0,52548.6484375,10166.613374184368
66,330,89.02324676513672,539620288.0,121602.0,53320.03125,10120.40457121825
67,2266,514.2845458984375,326193472.0,50507.0,32349.572265625,10083.393663495719
68,485,89.02326965332031,125880616.0,120902.0,12501.2626953125,10069.432110022011
69,331,89.02326202392578,554618368.0,121202.0,55170.515625,10052.803779645661
70,2065,514.28466796875,157452048.0,50407.0,15680.7568359375,10041.100034097077
71,319,89.02326965332031,639856000.0,121102.0,63871.6640625,10017.838260388598
72,500,89.02326965332031,127034712.0,120702.0,12690.578125,10010.159564736141
73,2294,514.28466796875,188637264.0,50407.0,18898.7421875,9981.47189524435
74,2061,514.2847290039062,171604768.0,50207.0,17204.916015625,9974.170629147715
75,2295,514.2847900390625,185138448.0,50207.0,18564.52734375,9972.699254437488
76,1484,89.02326965332031,44808996.0,122202.0,4496.71240234375,9964.834748302987
77,826,89.02327728271484,73414664.0,122402.0,7376.9658203125,9951.87801980219
78,1097,89.0232925415039,55596216.0,121902.0,5590.291015625,9945.138069665285
79,340,89.02326202392578,537211712.0,120902.0,54047.3828125,9939.643402598847
80,984,89.02327728271484,62270400.0,120802.0,6265.27685546875,9938.970206184305
81,755,89.02326202392578,70837440.0,121502.0,7129.88671875,9935.282676190836
82,758,89.02326202392578,80463624.0,120902.0,8099.05859375,9934.935408677416
83,517,89.02326202392578,118693224.0,120902.0,11960.5556640625,9923.721550549173
84,752,89.02326202392578,83375696.0,121002.0,8414.01171875,9909.149022719264
85,2052,514.28466796875,179033984.0,50207.0,18067.9921875,9908.903111207968
86,776,89.02328491210938,83403536.0,120202.0,8422.16796875,9902.858303166633
87,856,89.02326202392578,76785072.0,121302.0,7776.89013671875,9873.493215168062
88,2056,514.2846069335938,192303808.0,50507.0,19477.087890625,9873.33471409566
89,2291,514.2846069335938,223719728.0,50407.0,22666.33984375,9870.130314034284
90,2053,514.2846069335938,189805520.0,50307.0,19239.37109375,9865.474244200177
91,1175,89.02325439453125,54446404.0,121602.0,5524.97607421875,9854.595435094061
92,743,89.02327728271484,87996880.0,120802.0,8936.69921875,9846.686997742368
93,2282,514.28466796875,233187312.0,50407.0,23736.05078125,9824.183228669339
94,850,89.02327728271484,71989376.0,121402.0,7330.1103515625,9821.049417715056
95,1528,89.02327728271484,45785924.0,121702.0,4666.4365234375,9811.75330898364
96,1160,89.02326202392578,56248256.0,121802.0,5745.130859375,9790.596137286091
97,741,89.02326202392578,82856576.0,122402.0,8467.44921875,9785.30533333764
98,1000,89.0232925415039,64722524.0,120902.0,6615.82568359375,9782.985086880704
99,2072,514.2847290039062,128950424.0,50407.0,13195.4140625,9772.366625952553
100,1124,89.02328491210938,56727376.0,120402.0,5809.81787109375,9764.054099224382
101,348,89.02328491210938,489841600.0,120702.0,50170.9921875,9763.442552010025
102,766,89.02326965332031,80049168.0,121702.0,8229.9970703125,9726.512332398735
103,1314,89.02326202392578,48691452.0,121002.0,5007.74365234375,9723.231734757665
104,824,89.02330780029297,69725224.0,120302.0,7173.05224609375,9720.440003482543
105,1445,89.02326202392578,48595276.0,120702.0,5001.0810546875,9716.954288203702
106,2279,514.2847290039062,257918112.0,50307.0,26557.232421875,9711.784266629935
107,847,89.02327728271484,75641848.0,122002.0,7788.8037109375,9711.613080424562
108,350,89.02325439453125,475744512.0,120602.0,49046.77734375,9699.811848303298
109,2284,514.2846069335938,212011520.0,50607.0,21866.728515625,9695.62135682555
110,737,89.02328491210938,78017584.0,120802.0,8053.3876953125,9687.548513951511
111,1666,89.02326202392578,38374884.0,120902.0,3962.652099609375,9684.141588857337
112,828,89.02327728271484,76891944.0,122102.0,7941.84423828125,9681.87510268279
113,2066,514.2847290039062,140694624.0,50407.0,14532.53515625,9681.354456554784
114,1146,89.02325439453125,54900288.0,122102.0,5671.19775390625,9680.54551830526
115,991,89.02330017089844,63321480.0,121302.0,6546.37255859375,9672.758376220849
116,995,89.02328491210938,65580688.0,122102.0,6782.865234375,9668.58189480789
117,1192,89.02326202392578,56635652.0,120402.0,5860.77587890625,9663.507557734738
118,2301,514.2847290039062,144118768.0,50607.0,14925.287109375,9656.013110091188
119,1392,89.02328491210938,48582900.0,121702.0,5033.3876953125,9652.127541306692
120,2047,514.2846069335938,103507184.0,50307.0,10730.9130859375,9645.701458121273
121,497,89.02328491210938,110250376.0,120902.0,11431.4169921875,9644.506545019547
122,5198,116.92749786376953,140582144.0,106907.0,14579.3544921875,9642.549268922188
123,334,89.02325439453125,514139840.0,121302.0,53327.50390625,9641.175797462041
124,989,89.02328491210938,58692336.0,121602.0,6099.93798828125,9621.792239979386
125,1165,89.02326202392578,56531236.0,120502.0,5877.6083984375,9618.067786725675
126,2283,514.28466796875,244491808.0,50307.0,25421.521484375,9617.512789321978
127,972,89.02328491210938,67791344.0,121502.0,7050.90869140625,9614.554232226135
128,1185,89.02330780029297,49208932.0,121002.0,5125.77978515625,9600.282115611792
129,1137,89.02326965332031,53792356.0,121502.0,5603.9296875,9599.041922311771
130,339,89.02325439453125,519050912.0,122102.0,54100.74609375,9594.154415182149
131,1413,89.02327728271484,49317744.0,122002.0,5141.30419921875,9592.45788403147
132,1289,89.02328491210938,53115948.0,120402.0,5543.59033203125,9581.506716521306
133,504,89.02326202392578,116773528.0,121902.0,12197.20703125,9573.792401885037
134,983,89.02327728271484,63361196.0,120602.0,6621.09228515625,9569.598681179648
135,734,89.02327728271484,82535288.0,121602.0,8625.7197265625,9568.510294374213
136,1100,89.02327728271484,54140804.0,121802.0,5658.76611328125,9567.598822105463
137,1493,89.02326965332031,42711528.0,120402.0,4464.7548828125,9566.376905577079
138,1521,89.02328491210938,45260168.0,121302.0,4733.58251953125,9561.503958841295
139,1113,89.02327728271484,56855024.0,120402.0,5947.07421875,9560.167219831706
140,5140,115.91970825195312,99650872.0,105307.0,10427.5361328125,9556.511790587516
141,853,89.02327728271484,72215152.0,120702.0,7557.8359375,9555.00391873914
142,765,89.0232925415039,76724272.0,121702.0,8030.275390625,9554.376191079607
143,344,89.02326202392578,556650944.0,120502.0,58267.21484375,9553.416024649903
144,2302,514.2847290039062,146772512.0,50507.0,15367.0556640625,9551.114748887334
145,2048,514.2847290039062,124403824.0,50307.0,13027.197265625,9549.54634242514
146,491,89.02327728271484,118588296.0,120402.0,12419.2314453125,9548.76286203361
147,1403,89.02328491210938,49163492.0,121602.0,5152.47216796875,9541.728785190437
148,5195,116.92750549316406,143476608.0,106607.0,15041.0810546875,9538.982436058744
149,2267,514.28466796875,324853632.0,50507.0,34100.1875,9526.447090650161
150,1205,89.02327728271484,54947172.0,120902.0,5768.64892578125,9525.137117363834
151,846,89.02326202392578,68909168.0,120602.0,7241.201171875,9516.262062659558
152,1678,89.02325439453125,39322020.0,121602.0,4133.8466796875,9512.210550337239
153,1453,89.02328491210938,47184208.0,121002.0,4960.92138671875,9511.178331976866
154,1136,89.02326202392578,56105072.0,122102.0,5901.3486328125,9507.161072986992
155,1507,89.02328491210938,43774112.0,121802.0,4604.677734375,9506.444212852504
156,1672,89.02326965332031,37914128.0,120802.0,3989.06298828125,9504.519761001791
157,1307,89.02326202392578,47092184.0,121602.0,4957.18359375,9499.786140536264
158,1500,89.02327728271484,41215088.0,122202.0,4339.5341796875,9497.583448684345
159,490,89.02327728271484,117419800.0,120602.0,12366.7470703125,9494.800801892108
160,742,89.02325439453125,80558616.0,122002.0,8485.2041015625,9494.010401607853
161,327,89.02325439453125,578206720.0,121002.0,60908.57421875,9493.026678368802
162,1180,89.02328491210938,56462544.0,121702.0,5948.61083984375,9491.719246754941
163,1091,89.02326965332031,54949216.0,121502.0,5790.05419921875,9490.276620798175
164,1522,89.0232925415039,44714852.0,121002.0,4711.9326171875,9489.705314735547
165,747,89.02328491210938,73727456.0,121802.0,7771.626953125,9486.74665481131
166,1092,89.02326202392578,60697520.0,122302.0,6400.8193359375,9482.77350357521
167,1490,89.02327728271484,43509608.0,120702.0,4590.20263671875,9478.798964549049
168,513,89.02325439453125,125921528.0,121202.0,13285.7958984375,9477.906251352937
169,1198,89.02326965332031,56103772.0,120602.0,5920.20751953125,9476.656319041023
170,832,89.02327728271484,70022672.0,121702.0,7389.2470703125,9476.29323173229
171,2062,514.2847290039062,159205200.0,50607.0,16801.091796875,9475.884182098936
172,1171,89.02326202392578,55294816.0,120802.0,5836.52880859375,9473.921540245547
173,746,89.02326965332031,82337072.0,121202.0,8692.984375,9471.669158498862
174,2058,514.2847290039062,178527904.0,50307.0,18859.421875,9466.244786466976
175,1435,89.02327728271484,45589212.0,121102.0,4816.720703125,9464.782122497274
176,814,89.02326202392578,69596560.0,121002.0,7353.33544921875,9464.624656473987
177,338,89.02326202392578,498370880.0,121902.0,52668.01953125,9462.49516187517
178,769,89.02327728271484,69691784.0,121502.0,7366.32177734375,9460.866102041286
179,2060,514.2847290039062,166107424.0,50507.0,17558.10546875,9460.441178898189
180,1315,89.02326202392578,46902620.0,121302.0,4958.025390625,9459.939452647204
181,1311,89.02327728271484,48115628.0,120502.0,5087.03515625,9458.48151666192
182,829,89.02327728271484,70560368.0,121102.0,7465.99951171875,9450.893733551327
183,5095,115.91969299316406,19437566.0,105707.0,2056.69873046875,9450.85719752932
184,839,89.02327728271484,67558368.0,121802.0,7153.9833984375,9443.461668467864
185,5135,115.919677734375,65727388.0,106507.0,6960.66748046875,9442.684654083454
186,1504,89.02327728271484,44119076.0,120602.0,4673.0263671875,9441.221284303054
187,347,89.02326202392578,498353504.0,121702.0,52801.703125,9438.208893001498
188,1140,89.02326202392578,56126480.0,121702.0,5947.13671875,9437.563428304193
189,2290,514.2847290039062,217927024.0,50307.0,23091.90625,9437.376959730209
190,1155,89.02326965332031,56808072.0,120502.0,6019.74169921875,9436.961723353117
191,1164,89.02326965332031,52974032.0,120902.0,5614.033203125,9436.002617603417
192,2082,514.28466796875,104380248.0,50307.0,11067.2421875,9431.459638417713
193,1690,89.02325439453125,38115992.0,121502.0,4041.46630859375,9431.228442743759
194,2293,514.28466796875,194159072.0,50207.0,20595.462890625,9427.274008411858
195,5193,116.92749786376953,111306136.0,106407.0,11808.8564453125,9425.649004665709
196,827,89.02326965332031,69153320.0,121802.0,7339.28173828125,9422.355274808495
197,1300,89.0233154296875,47114680.0,121302.0,5000.91015625,9421.22104335695
198,493,89.02327728271484,122020016.0,122002.0,12954.3837890625,9419.206500815775
199,834,89.02327728271484,68694264.0,121502.0,7293.48974609375,9418.572780854502
200,303,89.02324676513672,365515520.0,121702.0,38813.3984375,9417.251122407593
201,2298,514.28466796875,169600096.0,50407.0,18010.828125,9416.562904433358
202,1804,89.02327728271484,36238776.0,120702.0,3849.6533203125,9413.516746764686
203,762,89.02327728271484,71436344.0,120402.0,7588.76416015625,9413.43577061817
204,361,89.02324676513672,368473280.0,120702.0,39149.73828125,9411.89637981496
205,1174,89.02326202392578,54319992.0,121902.0,5771.5869140625,9411.621588448936
206,1505,89.0232925415039,40085968.0,122202.0,4259.80322265625,9410.286321865338
207,1727,89.02326965332031,37690992.0,122302.0,4005.816650390625,9409.065688596751
208,1127,89.02327728271484,53380944.0,122002.0,5675.9794921875,9404.710512692003
209,475,89.02326965332031,125347952.0,120602.0,13334.3046875,9400.411565329323
210,1302,89.02326965332031,49453584.0,121702.0,5262.9091796875,9396.625005589864
211,499,89.02326965332031,120946776.0,122102.0,12878.537109375,9391.344294217713
212,957,89.02326965332031,64162712.0,121902.0,6833.056640625,9390.04538884244
213,1085,89.02326965332031,61405620.0,120702.0,6541.07958984375,9387.688860313474
214,840,89.02326965332031,65937852.0,120502.0,7028.99267578125,9380.839480341501
215,1101,89.02328491210938,55483016.0,120602.0,5915.88916015625,9378.643598274344
216,2303,514.28466796875,141631232.0,50307.0,15103.6572265625,9377.28060664115
217,1520,89.02328491210938,41155276.0,120802.0,4389.93603515625,9374.914730058286
218,505,89.02326965332031,120785200.0,121702.0,12884.552734375,9374.419313582717
219,512,89.02326965332031,108712744.0,121002.0,11615.63671875,9359.172177321587
220,823,89.02327728271484,71738664.0,120802.0,7666.9521484375,9356.868624075098
221,1686,89.0233154296875,36282224.0,120602.0,3877.714111328125,9356.60106917301
222,750,89.02327728271484,72351096.0,122002.0,7733.16455078125,9355.949369096337
223,4681,115.91968536376953,56691908.0,104807.0,6059.78173828125,9355.437282808747
224,1389,89.02328491210938,47074380.0,120402.0,5031.96240234375,9355.073872983241
225,2300,514.2847290039062,153710368.0,50407.0,16446.314453125,9346.189289892432
226,722,89.02326965332031,82955544.0,122002.0,8877.5498046875,9344.418879655064
227,5194,116.9275131225586,127456536.0,106807.0,13639.876953125,9344.40511729094
228,1336,89.02324676513672,51802156.0,120902.0,5545.9404296875,9340.553988409667
229,729,89.02326965332031,80392432.0,122402.0,8608.291015625,9338.953789326923
230,1525,89.02328491210938,41362516.0,120702.0,4429.94140625,9337.03455798389
231,1382,89.02327728271484,45551868.0,121902.0,4878.98046875,9336.349733670984
232,1141,89.02326202392578,54206896.0,121102.0,5809.265625,9331.109902553302
233,469,89.02326965332031,131234704.0,120402.0,14073.21484375,9325.140378872431
234,1687,89.02326202392578,34193680.0,120802.0,3667.28759765625,9323.970124910044
235,1444,89.02326202392578,43438348.0,120602.0,4660.67236328125,9320.189151725339
236,1170,89.02324676513672,56738072.0,121002.0,6089.76416015625,9316.957193715729
237,5155,115.9196548461914,242396096.0,105407.0,26017.6796875,9316.591598921766
238,353,89.02326202392578,440882816.0,120702.0,47331.0078125,9314.883337082967
239,739,89.02327728271484,77571200.0,122302.0,8328.9150390625,9313.481964480621
240,342,89.02324676513672,536372640.0,121902.0,57623.87890625,9308.166166193716
241,976,89.02330017089844,59458288.0,120602.0,6387.9482421875,9307.885058824302
242,1433,89.02328491210938,43106400.0,121702.0,4631.6708984375,9306.878866229896
243,355,89.02326202392578,422993600.0,121802.0,45458.953125,9304.956909959637
244,1202,89.02326202392578,54430072.0,121302.0,5850.29248046875,9303.820651995647
245,1004,89.02328491210938,57052124.0,120202.0,6132.17041015625,9303.740793880888
246,1383,89.02327728271484,46928668.0,122102.0,5044.97509765625,9302.061376239837
247,975,89.02327728271484,66366972.0,122002.0,7136.5205078125,9299.626047083684
248,1393,89.02328491210938,50422476.0,121902.0,5424.728515625,9294.930770225037
249,1129,89.02326202392578,56975928.0,120902.0,6130.92626953125,9293.200651123829
250,1104,89.02327728271484,54887852.0,121602.0,5911.0205078125,9285.681199626293
251,503,89.02326965332031,111708736.0,121302.0,12038.52734375,9279.26920048036
252,511,89.02326202392578,121839440.0,122202.0,13131.0146484375,9278.752881027214
253,1211,89.02327728271484,47576336.0,121302.0,5128.47265625,9276.90156288917
254,5192,116.92750549316406,90343304.0,105007.0,9739.9404296875,9275.549953532787
255,759,89.02326202392578,76219192.0,121902.0,8217.5048828125,9275.223207888552
256,1375,89.02326965332031,48447596.0,121102.0,5223.52490234375,9274.885619529063
257,2055,514.2846069335938,179279808.0,50307.0,19335.78515625,9271.917667230106
258,1139,89.02327728271484,54890620.0,121502.0,5920.22216796875,9271.716236762983
259,1108,89.02327728271484,58947640.0,122302.0,6358.67138671875,9270.433462424704
260,341,89.02324676513672,507450592.0,121002.0,54756.2734375,9267.442069066572
261,323,89.02326202392578,545971456.0,120702.0,58918.375,9266.573560455461
262,1147,89.02326202392578,56525800.0,121302.0,6100.2939453125,9266.078078653036
263,992,89.02328491210938,60080160.0,120502.0,6484.99560546875,9264.487388292882
264,733,89.02325439453125,81853912.0,120902.0,8835.814453125,9263.87855180123
265,1446,89.02327728271484,47546248.0,121102.0,5132.9697265625,9262.912219013078
266,474,89.02326965332031,121351496.0,121402.0,13100.8486328125,9262.872917717863
267,1132,89.02326202392578,57619700.0,121902.0,6220.5634765625,9262.778238192788
268,993,89.0232925415039,63441456.0,120902.0,6857.24560546875,9251.740370711608
269,5146,115.9197006225586,146646304.0,106007.0,15851.720703125,9251.128426145575
270,964,89.02328491210938,63219956.0,121402.0,6835.32373046875,9249.006849257823
271,1436,89.02328491210938,45499944.0,121602.0,4922.587890625,9243.094285153142
272,494,89.02327728271484,114877496.0,121802.0,12429.5390625,9242.297354902415
273,1112,89.02328491210938,55913432.0,121902.0,6051.02880859375,9240.31826134938
274,969,89.02327728271484,60982368.0,121402.0,6599.953125,9239.818350982607
275,757,89.0232925415039,74308440.0,120702.0,8044.126953125,9237.601598409943
276,1187,89.02326965332031,51514656.0,120602.0,5577.2880859375,9236.506202698829
277,851,89.02332305908203,64868872.0,121402.0,7024.111328125,9235.171393178352
278,1199,89.02328491210938,52594564.0,122202.0,5696.54443359375,9232.713729017634
279,1673,89.02326202392578,39232808.0,120702.0,4249.994140625,9231.261668099727
280,1001,89.0232925415039,59456164.0,120702.0,6440.92138671875,9231.00290008185
281,328,89.02326202392578,506267296.0,120702.0,54862.09375,9227.99808383179
282,842,89.02325439453125,68842888.0,122302.0,7463.10302734375,9224.432216434563
283,1416,89.02327728271484,49403412.0,120702.0,5356.4580078125,9223.14931395787
284,1547,89.02326965332031,40066428.0,121302.0,4344.40185546875,9222.54186719956
285,1304,89.02326965332031,48268168.0,120802.0,5234.1552734375,9221.768457071426
286,855,89.02326965332031,75684512.0,120902.0,8207.9091796875,9220.9246402604
287,961,89.02330780029297,64992812.0,120202.0,7053.2080078125,9214.64558084925
288,988,89.02328491210938,64238392.0,121002.0,6973.4033203125,9211.914046744292
289,979,89.02327728271484,63201332.0,122002.0,6861.794921875,9210.612196892953
290,335,89.02326965332031,490700224.0,120702.0,53277.1640625,9210.329277743733
291,1118,89.02327728271484,57871116.0,121402.0,6284.05810546875,9209.194922885454
292,492,89.02327728271484,117133104.0,122002.0,12720.7021484375,9208.069069865582
293,1662,89.02326965332031,39789664.0,120802.0,4321.89599609375,9206.529735089185
294,1684,89.02326965332031,35517044.0,121102.0,3857.8291015625,9206.484544796156
295,838,89.02327728271484,65188540.0,120902.0,7080.81103515625,9206.366287186409
296,1683,89.02326965332031,35486368.0,122302.0,3855.006591796875,9205.267787482377
297,1430,89.02327728271484,43603492.0,121902.0,4737.0634765625,9204.751470132574
298,1116,89.02327728271484,54899320.0,121602.0,5971.5546875,9193.471863352168
299,1328,89.02326965332031,49480336.0,122202.0,5382.162109375,9193.39384330545
300,1689,89.02326202392578,34777404.0,120802.0,3785.781005859375,9186.322173991019
301,1434,89.02328491210938,42564184.0,121702.0,4633.81591796875,9185.557810992665
302,1081,89.02327728271484,61125004.0,121402.0,6654.71533203125,9185.216940202688
303,751,89.02326965332031,72431256.0,122002.0,7887.94091796875,9182.530238658534
304,476,89.02327728271484,122210864.0,120802.0,13309.611328125,9182.151227943974
305,5113,115.91969299316406,32763532.0,106707.0,3568.859130859375,9180.393733307876
306,1492,89.02327728271484,42853536.0,120502.0,4668.3671875,9179.555565968427
307,1512,89.02327728271484,44414108.0,121402.0,4839.197265625,9177.990803452762
308,999,89.02328491210938,62046988.0,122302.0,6761.04345703125,9177.131961113679
309,343,89.02325439453125,533141120.0,121902.0,58099.46875,9176.351031609045
310,1423,89.0232925415039,47040100.0,120602.0,5128.07373046875,9173.054537127362
311,1607,89.02326965332031,38334408.0,120302.0,4180.45556640625,9169.911601991831
312,1106,89.02326965332031,56983772.0,120802.0,6215.6611328125,9167.773271805703
313,1669,89.02327728271484,37233080.0,121802.0,4062.002685546875,9166.18793298194
314,1128,89.02326202392578,56542860.0,122402.0,6168.9296875,9165.748819373295
315,1519,89.02328491210938,41710396.0,120702.0,4551.5703125,9163.95730182406
316,1119,89.02327728271484,57372064.0,121502.0,6262.30078125,9161.499264260527
317,785,89.02333068847656,70866840.0,120202.0,7735.556640625,9161.181708350114
318,836,89.02327728271484,66447368.0,121402.0,7253.75927734375,9160.404344756851
319,738,89.02326202392578,81603504.0,121402.0,8908.5302734375,9160.153414230019
320,771,89.02327728271484,73475896.0,121502.0,8024.41357421875,9156.544004170866
321,1362,89.02325439453125,50439728.0,121802.0,5508.80419921875,9156.2027213008
322,1178,89.02326202392578,53114664.0,121302.0,5801.21044921875,9155.78989332355
323,1549,89.02327728271484,44554280.0,121002.0,4866.40576171875,9155.47987191763
324,994,89.02328491210938,62652744.0,122302.0,6843.7392578125,9154.75321893342
325,1531,89.0232925415039,44917612.0,121302.0,4908.6845703125,9150.641349346353
326,1497,89.02328491210938,39179696.0,122402.0,4281.67041015625,9150.563272470621
327,1120,89.02328491210938,60650428.0,122102.0,6628.0751953125,9150.53408610891
328,507,89.02326202392578,120753304.0,121802.0,13198.5537109375,9148.980005281413
329,819,89.02327728271484,68633928.0,121902.0,7503.80126953125,9146.554597425718
330,1485,89.02327728271484,44806296.0,121902.0,4898.87255859375,9146.246501432139
331,486,89.02327728271484,116439696.0,122302.0,12732.6591796875,9144.962914404954
332,1308,89.02327728271484,47899788.0,121902.0,5237.85498046875,9144.924435405677
333,1318,89.02326965332031,49895888.0,122102.0,5456.78369140625,9143.827357236052
334,1400,89.0232925415039,44253924.0,120502.0,4839.9365234375,9143.492644107911
335,1499,89.02326965332031,41876152.0,122202.0,4579.89990234375,9143.464462742953
336,2309,514.2846069335938,105975048.0,50507.0,11593.4345703125,9140.953645554879
337,1158,89.02328491210938,53433716.0,120302.0,5847.5732421875,9137.759167256048
338,1154,89.02326202392578,57018920.0,120502.0,6241.0302734375,9136.138986968015
339,520,89.02325439453125,121536856.0,121902.0,13302.9521484375,9136.081573763695
340,480,89.02326202392578,126438544.0,120402.0,13840.544921875,9135.373261219196
341,1474,89.02327728271484,46426400.0,120602.0,5085.05908203125,9129.962749902754
342,1586,89.02327728271484,43994116.0,120402.0,4820.81005859375,9125.876245958809
343,843,89.02326202392578,64382976.0,120602.0,7055.1171875,9125.713193548565
344,1404,89.02328491210938,46396588.0,120602.0,5084.8916015625,9124.400603887627
345,985,89.02326965332031,62755224.0,122302.0,6878.21923828125,9123.760355112126
346,351,89.02326202392578,470988000.0,121102.0,51633.49609375,9121.75304079421
347,1815,89.02326202392578,35143036.0,121802.0,3853.35498046875,9120.11381721311
348,1292,89.02330017089844,47220260.0,121002.0,5178.52392578125,9118.47867785533
349,1468,89.02327728271484,46529156.0,121102.0,5103.80859375,9116.555831850448
350,1693,89.02326202392578,37970424.0,121302.0,4166.4287109375,9113.4222218472
351,1681,89.02326965332031,34086596.0,121802.0,3742.08056640625,9108.995756533232
352,1191,89.02326965332031,54759132.0,121102.0,6012.4423828125,9107.63521934738
353,1841,89.02326202392578,35649088.0,122202.0,3914.3193359375,9107.353013512336
354,1539,89.02326965332031,43242148.0,122102.0,4749.88330078125,9103.833770587085
355,1188,89.02327728271484,49859460.0,121902.0,5476.9482421875,9103.51126124319
356,1703,89.02326202392578,37699848.0,122002.0,4141.31005859375,9103.362816741523
357,487,89.02327728271484,119417592.0,120702.0,13119.919921875,9102.006163992939
358,986,89.02326965332031,64348568.0,121102.0,7069.93115234375,9101.724841926902
359,1536,89.02328491210938,43713804.0,120402.0,4803.7646484375,9099.905428176753
360,1293,89.02327728271484,50857352.0,121902.0,5590.111328125,9097.735092345334
361,835,89.02326965332031,72782352.0,122102.0,8001.24755859375,9096.37546732672
362,1206,89.0232925415039,50571576.0,122202.0,5559.59619140625,9096.26783293561
363,1208,89.0232925415039,49926080.0,121702.0,5489.0126953125,9095.639374752369
364,1135,89.02326202392578,50717276.0,122002.0,5576.11767578125,9095.445783054458
365,833,89.02326965332031,70027528.0,120402.0,7702.18896484375,9091.899500211835
366,744,89.02326965332031,77831880.0,120902.0,8560.744140625,9091.718981606859
367,2057,514.2845458984375,158936464.0,50307.0,17481.736328125,9091.571970702906
368,731,89.02326202392578,78121512.0,122402.0,8593.310546875,9090.968093595695
369,1471,89.02327728271484,45256164.0,121702.0,4978.6044921875,9090.130391160143
370,1466,89.02328491210938,43463688.0,120702.0,4783.212890625,9086.71409654125
371,1117,89.02326965332031,55289472.0,122002.0,6084.884765625,9086.363033913762
372,1179,89.02326202392578,54361328.0,122402.0,5983.00244140625,9085.961192959645
373,1331,89.02326202392578,48249272.0,121002.0,5310.529296875,9085.586257549216
374,1489,89.02327728271484,43008652.0,120702.0,4733.88720703125,9085.271811318018
375,998,89.02328491210938,56998052.0,122202.0,6273.6884765625,9085.253788570413
376,4566,115.91970825195312,78611560.0,106407.0,8653.1025390625,9084.783133578467
377,1317,89.02327728271484,46561664.0,122002.0,5126.85009765625,9081.92420552451
378,736,89.02326202392578,75847392.0,122202.0,8352.72265625,9080.559132805218
379,1386,89.02330017089844,47182264.0,121202.0,5196.033203125,9080.439280415612
380,1412,89.02326965332031,46504248.0,120502.0,5121.67822265625,9079.884752283706
381,2305,514.28466796875,136149312.0,50407.0,14996.078125,9078.994578790913
382,807,89.02326202392578,77071432.0,120402.0,8491.3056640625,9076.511322185364
383,730,89.02325439453125,82441200.0,121602.0,9087.5595703125,9071.874507356328
384,1503,89.02328491210938,39270904.0,121002.0,4329.84814453125,9069.810923877441
385,782,89.02328491210938,75591776.0,120502.0,8334.87109375,9069.339543437374
386,1508,89.02328491210938,43175040.0,120802.0,4760.6923828125,9069.0673810126
387,1419,89.0232925415039,45372792.0,121702.0,5005.841796875,9063.968427513011
388,1705,89.02326202392578,40544180.0,120502.0,4475.39404296875,9059.354240259265
389,1096,89.02326965332031,54438892.0,122302.0,6011.20263671875,9056.239706089127
390,1309,89.02326965332031,46792404.0,120802.0,5168.46142578125,9053.449401129465
391,1114,89.0232925415039,53337448.0,122002.0,5892.28271484375,9052.085682452593
392,779,89.02327728271484,78234488.0,120402.0,8642.7900390625,9051.994511772988
393,1163,89.02326202392578,50844488.0,121802.0,5617.68359375,9050.792404286965
394,1692,89.02325439453125,39606508.0,121402.0,4376.6875,9049.425621545975
395,954,89.02326965332031,67009952.0,121802.0,7405.36083984375,9048.843594421509
396,1296,89.02327728271484,48376348.0,121802.0,5346.65771484375,9047.96053536293
397,1556,89.02326965332031,43420848.0,121402.0,4799.1484375,9047.615127032628
398,1330,89.02326202392578,48951712.0,121302.0,5411.080078125,9046.569500587084
399,1682,89.02326965332031,36153272.0,121202.0,3996.642822265625,9045.910182062595
400,523,89.02325439453125,116344232.0,122002.0,12862.6865234375,9045.095811672434
401,968,89.02328491210938,62700464.0,121302.0,6933.19140625,9043.521277009313
402,1301,89.02326965332031,49431064.0,122302.0,5467.48486328125,9040.914650165945
403,1488,89.02327728271484,39721028.0,121202.0,4394.5302734375,9038.742602387245
404,1006,89.02327728271484,64847628.0,120902.0,7175.1103515625,9037.857931464196
405,1566,89.02328491210938,39904744.0,122202.0,4415.56396484375,9037.292703201068
406,482,89.02326202392578,133301624.0,122202.0,14751.068359375,9036.743695603616
407,1439,89.02327728271484,45718568.0,121702.0,5059.45751953125,9036.258892086862
408,1697,89.02328491210938,40157880.0,121002.0,4445.03466796875,9034.323239227057
409,1581,89.02326965332031,42490800.0,120802.0,4704.134765625,9032.64938549323
410,1138,89.02326965332031,55579404.0,121702.0,6153.74658203125,9031.799288305136
411,732,89.02330780029297,82878472.0,120702.0,9179.6728515625,9028.477739911286
412,4905,115.91968536376953,27645130.0,105607.0,3062.57421875,9026.762463664783
413,1105,89.02327728271484,53911988.0,122302.0,5974.24560546875,9024.066226980965
414,496,89.02328491210938,112436616.0,120602.0,12459.833984375,9023.925691225006
415,1494,89.02332305908203,41291332.0,121502.0,4576.013671875,9023.4284599681
416,1475,89.02326965332031,42719124.0,120602.0,4734.3994140625,9023.134776738982
417,845,89.02326202392578,65656896.0,120902.0,7276.83154296875,9022.7313374378
418,1427,89.0232925415039,48292504.0,121502.0,5352.513671875,9022.397131604712
419,1203,89.02328491210938,52039124.0,122302.0,5769.60791015625,9019.525210438554
420,831,89.02327728271484,66913464.0,121702.0,7418.96484375,9019.245327246736
421,524,89.02325439453125,121845360.0,121402.0,13509.734375,9019.078881778532
422,461,89.02326965332031,133880992.0,121302.0,14845.884765625,9018.054101429887
423,1441,89.02326965332031,45796448.0,122102.0,5078.64306640625,9017.45749823023
424,478,89.02326965332031,124438872.0,121802.0,13802.458984375,9015.703081666126
425,1334,89.02326965332031,46556212.0,120602.0,5164.65673828125,9014.386504124855
426,1145,89.02324676513672,52091296.0,122502.0,5778.75439453125,9014.277549033202
427,1580,89.02325439453125,40156736.0,121902.0,4456.41552734375,9010.994543396058
428,1648,89.02325439453125,41953600.0,120802.0,4656.1025390625,9010.454483772452
429,863,89.02326965332031,64865268.0,121102.0,7199.0478515625,9010.25654190109
430,1670,89.02327728271484,36161364.0,120702.0,4014.207275390625,9008.344990476635
431,1177,89.02326202392578,52241596.0,121902.0,5799.6630859375,9007.694968811327
432,1340,89.02326202392578,49983980.0,121702.0,5549.8076171875,9006.434717701188
433,349,89.02326202392578,485593952.0,121702.0,53919.19140625,9005.957606844097
434,818,89.02326965332031,69311528.0,122102.0,7696.36181640625,9005.752283143625
435,5196,116.92753601074219,132628496.0,105507.0,14727.1279296875,9005.727161006218
436,1190,89.02327728271484,49307312.0,120802.0,5481.09814453125,8995.88197470907
437,1303,89.02332305908203,46455568.0,120802.0,5165.1240234375,8994.085677168858
438,1431,89.02327728271484,41545300.0,121402.0,4619.37646484375,8993.703006495545
439,1152,89.02326965332031,51704092.0,121002.0,5749.3583984375,8993.019467015936
440,1824,89.02325439453125,36739596.0,122502.0,4085.74462890625,8992.142029648867
441,2036,514.28466796875,110500592.0,50507.0,12289.0224609375,8991.813006383762
442,1337,89.02325439453125,51836020.0,122402.0,5765.287109375,8991.056128966908
443,820,89.02327728271484,71353920.0,122002.0,7939.23779296875,8987.502561416333
444,813,89.02326965332031,74378368.0,121302.0,8277.3720703125,8985.746607521045
445,5197,116.9275131225586,138244048.0,106907.0,15391.1513671875,8982.047197243699
446,959,89.02328491210938,63524412.0,122102.0,7072.43798828125,8981.968043446608
447,186,124.00643920898438,278965024.0,102902.0,31059.541015625,8981.620940878109
448,1527,89.02328491210938,41584608.0,121602.0,4630.3505859375,8980.87676693285
449,1463,89.02326965332031,43313264.0,120802.0,4822.875,8980.797553326594
450,1665,89.02330780029297,36078084.0,122002.0,4017.28125,8980.721476745
451,1217,89.02327728271484,52660884.0,121002.0,5864.8671875,8979.041181399301
452,1168,89.02326202392578,54523536.0,120702.0,6072.9501953125,8978.097011578464
453,1555,89.02326202392578,40456284.0,121702.0,4509.181640625,8971.979224680892
454,1121,89.02328491210938,57508968.0,121602.0,6410.90869140625,8970.486208466846
455,302,89.02324676513672,295102112.0,120902.0,32901.20703125,8969.33999168201
456,1371,89.0233154296875,48174496.0,121702.0,5371.30859375,8968.856501012688
457,1569,89.02328491210938,44042360.0,122202.0,4910.93017578125,8968.231765379065
458,1438,89.02328491210938,46164116.0,120902.0,5147.73291015625,8967.853772856053
459,1691,89.02324676513672,35141360.0,122502.0,3919.010498046875,8966.896112555318
460,1397,89.02327728271484,46800320.0,121702.0,5221.560546875,8962.899037531808
461,1450,89.02328491210938,45563648.0,122002.0,5083.5966796875,8962.876260828956
462,1570,89.02327728271484,40783124.0,120802.0,4550.31884765625,8962.695882510809
463,470,89.02326202392578,125368040.0,122402.0,13993.908203125,8958.75820966182
464,488,89.02328491210938,111203864.0,122302.0,12413.7490234375,8958.120853744025
465,509,89.02326202392578,117079392.0,120602.0,13070.4501953125,8957.563836782652
466,796,89.02327728271484,73099064.0,120802.0,8161.37158203125,8956.713129070233
467,1440,89.02327728271484,44810608.0,122102.0,5004.7001953125,8953.70476776421
468,1578,89.02327728271484,37057144.0,121002.0,4138.8271484375,8953.537480778801
469,1115,89.0232925415039,55407736.0,120802.0,6188.38525390625,8953.50462627151
470,1685,89.02330017089844,33302844.0,121302.0,3720.127685546875,8952.070147856857
471,1076,89.02326202392578,58363844.0,122102.0,6519.71728515625,8951.897980742162
472,1151,89.02326202392578,53188316.0,121302.0,5943.7548828125,8948.605224923416
473,1456,89.0232925415039,44753068.0,121802.0,5001.880859375,8947.247896982502
474,489,89.02328491210938,110797792.0,121802.0,12383.71484375,8947.056145750894
475,1284,89.02328491210938,46825652.0,121502.0,5234.115234375,8946.240176844598
476,1193,89.02326965332031,56599928.0,120502.0,6329.4296875,8942.342484944462
477,716,89.02326965332031,90166256.0,121602.0,10084.7666015625,8940.837161866488
478,1577,89.02326965332031,41717680.0,120902.0,4666.05029296875,8940.68374335017
479,876,89.02326202392578,66930988.0,121702.0,7487.1015625,8939.505820948318
480,1593,89.02326965332031,43751264.0,122002.0,4895.1533203125,8937.6698005461
481,1698,89.02326965332031,34636928.0,122002.0,3875.673828125,8937.007998105168
482,1298,89.02328491210938,47048728.0,122302.0,5264.5703125,8936.860029827933
483,1480,89.02326965332031,41264360.0,122102.0,4617.3623046875,8936.781928095363
484,960,89.02326965332031,59488424.0,120502.0,6656.74462890625,8936.563938727264
485,1396,89.02330780029297,43028740.0,122102.0,4815.06396484375,8936.27588629475
486,816,89.02326965332031,69618288.0,120702.0,7790.7138671875,8936.06018483293
487,1380,89.02327728271484,43843460.0,120802.0,4906.912109375,8935.04082052621
488,778,89.02326965332031,76308776.0,121802.0,8540.9736328125,8934.435262373232
489,848,89.02326965332031,66514048.0,121602.0,7444.896484375,8934.180366321623
490,1461,89.02330017089844,42539672.0,120702.0,4761.48779296875,8934.113422031236
491,1153,89.02328491210938,52553512.0,121802.0,5883.73193359375,8932.003122022015
492,1316,89.02327728271484,49009848.0,121002.0,5487.48779296875,8931.199457572826
493,768,89.02327728271484,77261728.0,120602.0,8651.927734375,8930.001540931878
494,564,89.02324676513672,110964416.0,121402.0,12429.716796875,8927.348692924199
495,1195,89.02326965332031,55460720.0,121002.0,6213.421875,8925.95434782062
496,1513,89.02326965332031,41745204.0,121102.0,4678.1796875,8923.386186200229
497,498,89.02327728271484,109321032.0,121202.0,12251.880859375,8922.795875569487
498,1333,89.02326965332031,48307496.0,121602.0,5414.369140625,8922.091336096764
499,345,89.02326965332031,514370272.0,120702.0,57652.41796875,8921.92019212117
500,5202,116.92748260498047,114263856.0,106607.0,12812.1123046875,8918.424478545578
501,763,89.02328491210938,72548464.0,121702.0,8135.55712890625,8917.454926624487
502,971,89.02328491210938,61534888.0,121802.0,6901.15966796875,8916.60111641959
503,862,89.02328491210938,71394496.0,120902.0,8008.52490234375,8914.812262006692
504,516,89.02326965332031,106023432.0,120902.0,11895.1005859375,8913.201803887383
505,1517,89.02327728271484,40223248.0,121602.0,4513.47607421875,8911.811503722738
506,1479,89.02327728271484,42933880.0,121402.0,4817.65576171875,8911.778284607633
507,1557,89.02326202392578,42795796.0,120902.0,4804.61181640625,8907.232807833863
508,4892,115.91967010498047,31669308.0,105807.0,3556.61376953125,8904.342740643979
509,973,89.02328491210938,58901260.0,121602.0,6616.91455078125,8901.620165707838
510,1457,89.02328491210938,46902940.0,121902.0,5269.11328125,8901.486359555576
511,1285,89.02328491210938,47424956.0,120402.0,5329.02392578125,8899.370064856177
512,1432,89.02332305908203,41808576.0,120802.0,4698.99658203125,8897.34122384215
513,1422,89.02328491210938,46921796.0,121502.0,5274.3271484375,8896.261964694475
514,965,89.02328491210938,63177684.0,122302.0,7101.96630859375,8895.80170544483
515,1773,89.02326965332031,36749056.0,122402.0,4131.658203125,8894.505351920125
516,1788,89.02326965332031,36919512.0,122102.0,4150.9169921875,8894.302649146379
517,1007,89.0232925415039,62074856.0,121802.0,6981.251953125,8891.651012855022
518,1210,89.02327728271484,53201000.0,121102.0,5983.9072265625,8890.679281229717
519,483,89.02326965332031,105397208.0,122202.0,11860.259765625,8886.585124001784
520,1589,89.02327728271484,42638616.0,121102.0,4798.31884765625,8886.157288365055
521,352,89.02325439453125,461584864.0,121102.0,51947.7578125,8885.558943006594
522,953,89.02332305908203,66712816.0,121902.0,7508.5751953125,8884.883518466711
523,1742,89.02326965332031,36203884.0,121102.0,4074.891845703125,8884.62451786938
524,1288,89.02332305908203,46415632.0,120002.0,5225.32958984375,8882.81422289918
525,1148,89.02326965332031,55247668.0,121102.0,6220.32861328125,8881.792495984648
526,1282,89.02327728271484,46471104.0,121802.0,5233.234375,8879.996703759327
527,1215,89.02327728271484,49750096.0,121502.0,5602.7705078125,8879.55270176219
528,830,89.02327728271484,65908696.0,122102.0,7423.12353515625,8878.835935823165
529,2067,514.2848510742188,141569856.0,50407.0,15946.408203125,8877.852253415707
530,980,89.0232925415039,59619344.0,120602.0,6716.87890625,8876.048657736661
531,1694,89.02326202392578,39853724.0,122102.0,4490.67431640625,8874.77496517577
532,1420,89.0232925415039,46690420.0,120702.0,5261.8623046875,8873.364086020667
533,1622,89.02326965332031,41101976.0,121402.0,4632.248046875,8873.00843652536
534,1421,89.02328491210938,44527024.0,121602.0,5018.4150390625,8872.726479059449
535,1186,89.02327728271484,49505488.0,121802.0,5581.826171875,8869.048672536954
536,1099,89.02327728271484,53671684.0,122402.0,6052.4599609375,8867.747055973336
537,1214,89.02328491210938,48762508.0,121602.0,5498.9072265625,8867.672428524062
538,527,89.02325439453125,100115720.0,120502.0,11290.68359375,8867.108813094314
539,1700,89.02326202392578,36016772.0,120402.0,4063.48681640625,8863.513929609166
540,1797,89.02325439453125,34585840.0,120702.0,3902.20361328125,8863.156161889197
541,1312,89.02330780029297,43333336.0,120902.0,4890.31494140625,8861.05220608535
542,452,89.02326202392578,136146768.0,121002.0,15366.7861328125,8859.807563097893
543,1724,89.02326202392578,38409344.0,122102.0,4335.5458984375,8859.171347682528
544,1708,89.02325439453125,37324432.0,121702.0,4213.1044921875,8859.128006250958
545,1732,89.02328491210938,35959976.0,121202.0,4059.213623046875,8858.852807310048
546,508,89.02326965332031,109248112.0,121802.0,12333.3095703125,8857.972093960168
547,841,89.02328491210938,64406524.0,120902.0,7273.0107421875,8855.551886704416
548,1379,89.02328491210938,45967120.0,121502.0,5191.08642578125,8855.00957404731
549,821,89.02326965332031,69286304.0,122002.0,7824.79150390625,8854.715677141208
550,1675,89.02325439453125,37499004.0,120802.0,4235.0703125,8854.39939198176
551,1325,89.02326965332031,49529348.0,122002.0,5593.7900390625,8854.345203185521
552,1656,89.02326202392578,41634068.0,122002.0,4702.2138671875,8854.141724715357
553,1384,89.02328491210938,45148396.0,121602.0,5099.232421875,8853.95923635872
554,5001,115.91968536376953,16978982.0,105907.0,1917.6961669921875,8853.843633963508
555,1498,89.02326965332031,39384004.0,120502.0,4448.50634765625,8853.309610483066
556,1319,89.02327728271484,45304836.0,121302.0,5121.34033203125,8846.284968925505
557,539,89.02325439453125,108301840.0,120902.0,12243.05078125,8845.98470880005
558,533,89.02326965332031,108830040.0,120502.0,12303.478515625,8845.469178638346
559,1660,89.0232925415039,36803532.0,120302.0,4160.92041015625,8845.045896616408
560,1310,89.02326965332031,44887536.0,121002.0,5075.15869140625,8844.558117169405
561,963,89.02328491210938,61485700.0,122102.0,6951.95751953125,8844.372225701662
562,1785,89.02327728271484,38021144.0,121202.0,4299.5390625,8843.07444293629
563,1667,89.02326202392578,35488480.0,120602.0,4014.5361328125,8839.995164058348
564,809,89.02326202392578,79588456.0,120802.0,9008.5537109375,8834.765108118272
565,1294,89.02326965332031,47564576.0,121702.0,5383.85791015625,8834.664063156819
566,1408,89.02328491210938,46943260.0,121902.0,5314.3994140625,8833.220151986101
567,933,89.02326965332031,65244176.0,120802.0,7387.076171875,8832.205663237342
568,1599,89.02324676513672,40880136.0,121902.0,4628.64794921875,8831.982135712004
569,1730,89.02328491210938,34348312.0,122202.0,3889.107666015625,8831.926228257318
570,962,89.02327728271484,59028336.0,121602.0,6684.64990234375,8830.430443231391
571,1481,89.02327728271484,43397636.0,120502.0,4914.578125,8830.38887493522
572,1075,89.02326965332031,61953076.0,121502.0,7016.88623046875,8829.140727832684
573,1518,89.02328491210938,39860840.0,120902.0,4514.9892578125,8828.556996238009
574,1321,89.02328491210938,47231864.0,121402.0,5351.21142578125,8826.38719383142
575,1460,89.02327728271484,43390412.0,121502.0,4916.00732421875,8826.352187523558
576,529,89.02327728271484,110348280.0,121302.0,12502.5986328125,8826.027551616027
577,532,89.02326965332031,112464752.0,121802.0,12751.3095703125,8819.858962709177
578,1695,89.02326202392578,37206832.0,122202.0,4219.427734375,8817.980622557394
579,1426,89.0232925415039,42893024.0,121302.0,4865.82763671875,8815.15483128061
580,875,89.02326965332031,72529976.0,121602.0,8228.3759765625,8814.616177796514
581,1821,89.02327728271484,35472888.0,122302.0,4024.473876953125,8814.292025385452
582,502,89.02326965332031,111903720.0,121102.0,12696.4951171875,8813.748910005383
583,1805,89.02326965332031,35397672.0,121602.0,4016.234619140625,8813.646451654318
584,1406,89.02328491210938,46579236.0,121102.0,5285.576171875,8812.518159865347
585,1378,89.02326965332031,44329672.0,121002.0,5030.6650390625,8811.891003631828
586,1219,89.02327728271484,53412284.0,122102.0,6062.04248046875,8810.938585813055
587,382,89.02325439453125,233832704.0,121502.0,26539.548828125,8810.726418687205
588,1428,89.0232925415039,43649744.0,121202.0,4954.18505859375,8810.680966445372
589,519,89.02326202392578,111498992.0,120702.0,12658.091796875,8808.515042332574
590,978,89.02327728271484,57583844.0,121502.0,6537.333984375,8808.459861104264
591,1216,89.02327728271484,55497416.0,120502.0,6300.69677734375,8808.139474281545
592,1385,89.02330017089844,44674888.0,120902.0,5072.44482421875,8807.367955329264
593,5056,115.91969299316406,21784942.0,105707.0,2473.92529296875,8805.820475628721
594,1327,89.02326965332031,48914672.0,120402.0,5555.1650390625,8805.25990785954
595,1688,89.0232925415039,34662508.0,120902.0,3936.905029296875,8804.507028250735
596,1341,89.02326202392578,50208236.0,121202.0,5703.5791015625,8802.93498274538
597,1335,89.02326202392578,48385312.0,122502.0,5496.5078125,8802.91880782258
598,1680,89.02327728271484,38091864.0,122402.0,4328.01416015625,8801.233681413096
599,1454,89.02328491210938,40961200.0,120802.0,4654.78515625,8799.804636525752
600,1501,89.02327728271484,40484068.0,122402.0,4600.568359375,8799.797076702904
601,728,89.02326965332031,79791568.0,120602.0,9067.9306640625,8799.313862888845
602,1716,89.02326965332031,36239108.0,121802.0,4118.47998046875,8799.146328708244
603,1472,89.02327728271484,42741816.0,121202.0,4858.73828125,8796.896133496592
604,1462,89.02328491210938,42315344.0,122202.0,4810.27587890625,8796.8642683383
605,956,89.02327728271484,65804832.0,120602.0,7481.4873046875,8795.68852021846
606,1535,89.02327728271484,45945076.0,121702.0,5223.66357421875,8795.565669037469
607,1322,89.02326965332031,49475892.0,120802.0,5625.56201171875,8794.835413232584
608,1801,89.02326965332031,34481164.0,121402.0,3920.61669921875,8794.831692389353
609,1561,89.02326965332031,41578364.0,121702.0,4727.90576171875,8794.24550646815
610,2076,514.2847290039062,113125672.0,50507.0,12865.8251953125,8792.725711928366
611,2046,514.2847290039062,100528536.0,50207.0,11433.9658203125,8792.096948672921
612,1562,89.02326965332031,41051900.0,122102.0,4669.20361328125,8792.056076378958
613,1609,89.02327728271484,39557032.0,121602.0,4499.2587890625,8791.899700493203
614,1189,89.02327728271484,50106504.0,121502.0,5699.83984375,8790.861738850941
615,5121,115.91968536376953,42931188.0,105807.0,4884.26220703125,8789.697641170336
616,1711,89.02326202392578,36475880.0,122402.0,4149.97265625,8789.426586959817
617,1103,89.02327728271484,55805264.0,121702.0,6349.36083984375,8789.115220828007
618,1515,89.02327728271484,40565672.0,122202.0,4615.73828125,8788.55548738225
619,1305,89.02326202392578,43743424.0,120802.0,4977.36279296875,8788.47410154509
620,1563,89.02327728271484,42767996.0,122302.0,4867.48974609375,8786.45836579771
621,1592,89.02326202392578,41681040.0,121902.0,4744.3857421875,8785.339612959478
622,1534,89.02330017089844,41071100.0,120602.0,4675.51123046875,8784.301432611972
623,1603,89.02326202392578,38977360.0,122402.0,4437.55322265625,8783.525074358153
624,4536,115.91969299316406,72136424.0,105607.0,8215.8173828125,8780.188341443602
625,1465,89.02327728271484,41981488.0,121802.0,4782.9267578125,8777.363761932345
626,2069,514.2847900390625,140369792.0,50507.0,15992.728515625,8777.10090950758
627,1111,89.02327728271484,45732596.0,120702.0,5210.626953125,8776.793351627777
628,1197,89.0233154296875,52280280.0,121802.0,5958.54931640625,8773.994679552563
629,4643,115.91968536376953,71636312.0,105107.0,8165.55078125,8772.99203925026
630,1286,89.0232925415039,47266688.0,121102.0,5388.5576171875,8771.67720156444
631,1487,89.02328491210938,44328808.0,121902.0,5054.25439453125,8770.592957878056
632,1835,89.02326202392578,33419460.0,120702.0,3810.9736328125,8769.270853059255
633,4682,115.91969299316406,68737312.0,106007.0,7838.5830078125,8769.099202176134
634,1529,89.02327728271484,40986028.0,121302.0,4674.1162109375,8768.722502896291
635,1702,89.02327728271484,38449736.0,121102.0,4384.91650390625,8768.635837363725
636,1714,89.02326202392578,35384084.0,121402.0,4036.5732421875,8765.871910904472
637,1125,89.02327728271484,48762732.0,120902.0,5565.34912109375,8761.846011632912
638,1482,89.02328491210938,37957796.0,122102.0,4332.30224609375,8761.576142159727
639,822,89.0233154296875,62482996.0,121802.0,7132.26220703125,8760.613980007904
640,1196,89.02326965332031,49070716.0,121002.0,5601.9501953125,8759.577341665858
641,1102,89.02327728271484,55716592.0,120902.0,6361.3291015625,8758.640075124336
642,1182,89.02328491210938,52137012.0,120402.0,5954.54150390625,8755.839885539046
643,1798,89.02326965332031,34282468.0,121102.0,3915.64453125,8755.255418717983
644,761,89.02326965332031,74004912.0,121902.0,8452.9833984375,8754.88670824546
645,1671,89.02326965332031,36534144.0,121102.0,4173.2001953125,8754.467145150757
646,1483,89.02328491210938,42089864.0,122302.0,4808.43408203125,8753.34116719757
647,1143,89.02326202392578,53762048.0,121502.0,6141.95263671875,8753.250176269936
648,1367,89.02327728271484,49940432.0,122102.0,5707.02294921875,8750.697595641608
649,1399,89.02327728271484,46006928.0,121902.0,5257.65234375,8750.469789941595
650,760,89.02326965332031,70457736.0,122102.0,8056.818359375,8745.106673283086
651,1868,89.02325439453125,33845388.0,121202.0,3870.323486328125,8744.847328539452
652,1299,89.02332305908203,49769344.0,121202.0,5691.38134765625,8744.686212336721
653,945,89.02327728271484,66020140.0,122402.0,7550.65625,8743.629403073408
654,1657,89.02326965332031,39568216.0,120602.0,4526.21630859375,8742.007297546379
655,1159,89.02326965332031,55388784.0,122002.0,6336.73291015625,8740.90557158014
656,1706,89.02325439453125,36498332.0,122402.0,4176.00927734375,8740.00261398261
657,1402,89.02327728271484,42785868.0,121902.0,4895.57421875,8739.703676870133
658,1736,89.02326965332031,36271208.0,121302.0,4150.38330078125,8739.242949722853
659,1409,89.0232925415039,45324604.0,122102.0,5186.58154296875,8738.820285481645
660,764,89.02327728271484,69712616.0,121002.0,7978.55419921875,8737.499835098717
661,1510,89.02326965332031,42098224.0,122202.0,4818.54345703125,8736.71149288277
662,1655,89.02326202392578,37420364.0,121102.0,4283.3779296875,8736.180793351115
663,1712,89.02326965332031,35555496.0,122302.0,4070.00146484375,8735.990959002025
664,1576,89.02327728271484,36493440.0,120602.0,4178.61767578125,8733.376162052693
665,844,89.02326202392578,65559492.0,122302.0,7507.5576171875,8732.466048600245
666,4673,115.91969299316406,66698664.0,105107.0,7638.67041015625,8731.711203473127
667,1162,89.02328491210938,50286096.0,122302.0,5759.54345703125,8730.91702062092
668,1735,89.02326965332031,38362960.0,121302.0,4394.1015625,8730.558330147836
669,1770,89.02326965332031,36681528.0,120502.0,4202.46875,8728.566512243548
670,1276,89.02326965332031,50799084.0,121202.0,5820.9833984375,8726.890376226767
671,1846,89.02327728271484,36215536.0,121902.0,4150.00146484375,8726.632100445184
672,1532,89.02330017089844,41468500.0,120202.0,4752.28076171875,8726.020637089243
673,1437,89.02327728271484,44568240.0,121902.0,5107.55322265625,8725.94725049614
674,1365,89.02325439453125,45824600.0,122602.0,5251.77978515625,8725.537222546858
675,1552,89.02327728271484,41197836.0,120702.0,4722.345703125,8724.019500041566
676,1611,89.02326965332031,38554072.0,121502.0,4419.32421875,8723.974547154852
677,1738,89.02326202392578,37726720.0,120702.0,4325.24609375,8722.444730836305
678,4875,115.91970825195312,25281318.0,104907.0,2898.584716796875,8721.952425091617
679,1458,89.02326965332031,43520184.0,122202.0,4989.81591796875,8721.801508404375
680,1496,89.02327728271484,38160376.0,121402.0,4375.5322265625,8721.310694123147
681,2304,514.28466796875,127494928.0,50407.0,14620.5771484375,8720.239064818681
682,1733,89.02328491210938,36831220.0,120802.0,4223.71337890625,8720.10401651298
683,1812,89.02326202392578,35677928.0,120902.0,4091.63037109375,8719.733887023327
684,1157,89.02326965332031,54709192.0,122302.0,6274.5234375,8719.258529345481
685,866,89.02326965332031,67633784.0,121702.0,7757.6123046875,8718.376395161255
686,2063,514.2847900390625,142670256.0,50407.0,16365.2041015625,8717.902637485486
687,1677,89.02325439453125,37578912.0,121702.0,4310.72998046875,8717.528625143359
688,1417,89.0232925415039,43624832.0,121902.0,5004.26806640625,8717.525004876208
689,1722,89.02326965332031,35850188.0,120402.0,4112.97119140625,8716.37226025466
690,538,89.02323913574219,108354952.0,122402.0,12431.96875,8715.832076074033
691,1573,89.02326202392578,38934404.0,120402.0,4468.220703125,8713.62597930087
692,1546,89.02326965332031,40739824.0,120602.0,4678.92431640625,8707.091896560343
693,1719,89.02326202392578,36644292.0,121302.0,4208.65380859375,8706.891482776547
694,1166,89.02326965332031,51853756.0,121902.0,5955.62109375,8706.691574858049
695,472,89.02326965332031,120579056.0,121502.0,13849.2822265625,8706.52023891412
696,1281,89.02328491210938,47688144.0,120902.0,5477.6103515625,8706.012465161355
697,2074,514.2847290039062,115911480.0,50207.0,13315.615234375,8704.928608988947
698,725,89.02326965332031,79297632.0,122502.0,9111.3349609375,8703.184806613757
699,938,89.02326965332031,63440336.0,121702.0,7291.10498046875,8701.059190608634
700,1668,89.02327728271484,36428724.0,120602.0,4186.75537109375,8700.943993888839
701,1130,89.02326965332031,54659940.0,120402.0,6282.5068359375,8700.339120577086
702,1134,89.02326965332031,51721360.0,121502.0,5945.39013671875,8699.405558025319
703,1676,89.02326202392578,35277384.0,121902.0,4055.5830078125,8698.474160692353
704,1424,89.0232925415039,45101312.0,122102.0,5186.15625,8696.481522322047
705,514,89.02330017089844,107545608.0,120902.0,12367.5791015625,8695.768760954426
706,770,89.02328491210938,73097392.0,120502.0,8408.1005859375,8693.686671904827
707,1467,89.02327728271484,39870880.0,121702.0,4586.83544921875,8692.45920012042
708,1564,89.02326965332031,38889104.0,121702.0,4475.3291015625,8689.663512438092
709,950,89.02326965332031,68512560.0,121902.0,7884.5,8689.52501743928
710,1272,89.02327728271484,47354412.0,121302.0,5449.6435546875,8689.451250305756
711,1604,89.02326202392578,39345680.0,121102.0,4528.033203125,8689.353243444808
712,1054,89.02327728271484,58488556.0,121402.0,6731.83984375,8688.346329911898
713,4676,115.91969299316406,71269672.0,105707.0,8203.38671875,8687.835212876542
714,1222,89.02326965332031,54376924.0,120702.0,6259.29052734375,8687.39416431528
715,477,89.02326965332031,119813960.0,120602.0,13796.6435546875,8684.283211715825
716,301,89.02326202392578,252677968.0,122202.0,29099.06640625,8683.370265986572
717,553,89.02325439453125,107444896.0,122102.0,12379.6484375,8679.155675740489
718,1793,89.02326965332031,34945892.0,121902.0,4026.981201171875,8677.937704261083
719,465,89.02326202392578,124140640.0,120702.0,14309.0205078125,8675.690969358886
720,1816,89.0232925415039,36067260.0,121102.0,4157.3955078125,8675.445944996833
721,1832,89.02326965332031,35388408.0,120502.0,4080.268310546875,8673.059050682115
722,1370,89.02326965332031,47331804.0,121102.0,5458.74658203125,8670.819077002729
723,1720,89.0232925415039,36958984.0,121102.0,4262.50537109375,8670.718458359714
724,1575,89.02328491210938,39961184.0,120902.0,4609.98046875,8668.406356792117
725,4720,115.91969299316406,36573696.0,105307.0,4220.81689453125,8665.075248203051
726,859,89.02328491210938,65836124.0,122002.0,7597.876953125,8665.068466648656
727,1579,89.02326965332031,40598468.0,122402.0,4686.6591796875,8662.560353430063
728,1633,89.02326965332031,41708736.0,121102.0,4815.09619140625,8662.077421099028
729,1776,89.02326965332031,35941640.0,122402.0,4149.3095703125,8662.077242236977
730,1464,89.0232925415039,41808560.0,121702.0,4826.904296875,8661.568042081837
731,1584,89.02327728271484,37710096.0,122102.0,4354.03515625,8660.95349410972
732,1093,89.02328491210938,54404996.0,122302.0,6281.83837890625,8660.680634937415
733,1820,89.02326202392578,36242376.0,122402.0,4186.041015625,8657.912300601003
734,1545,89.02326202392578,37532148.0,122002.0,4336.52734375,8654.88558583472
735,5199,116.927490234375,131852712.0,105307.0,15237.5439453125,8653.147283657983
736,1161,89.02327728271484,51058016.0,120502.0,5900.55517578125,8653.086782336508
737,1625,89.02326965332031,41694604.0,121402.0,4818.962890625,8652.194454768332
738,1542,89.02326202392578,42557564.0,121902.0,4919.09228515625,8651.507541019471
739,748,89.02330780029297,68798616.0,122202.0,7953.51123046875,8650.093525541582
740,1297,89.0233154296875,44821564.0,120502.0,5181.77978515625,8649.839603063807
741,1729,89.02327728271484,39721772.0,121402.0,4592.224609375,8649.78858370913
742,5107,115.91972351074219,19254042.0,105607.0,2226.0234375,8649.523484633122
743,515,89.02326202392578,108521344.0,122202.0,12547.14453125,8649.086948007654
744,1509,89.02328491210938,42731804.0,120402.0,4941.42138671875,8647.674556728136
745,825,89.02330017089844,62534052.0,120302.0,7232.45458984375,8646.311044636781
746,1491,89.0233154296875,37614396.0,121102.0,4350.431640625,8646.129650389397
747,1204,89.02326965332031,50422376.0,122302.0,5833.193359375,8644.043304164106
748,958,89.02326965332031,57913168.0,122302.0,6700.501953125,8643.10889022132
749,453,89.02326965332031,132465160.0,120802.0,15330.68359375,8640.525335347947
750,4869,115.91969299316406,21196032.0,105907.0,2453.13623046875,8640.38113201313
751,852,89.02326965332031,68709864.0,121202.0,7952.3671875,8640.177494319203
752,1374,89.02326202392578,44782700.0,120802.0,5183.10546875,8640.129024964672
753,2035,514.2847900390625,105013440.0,50207.0,12155.0556640625,8639.486556238615
754,1749,89.02326202392578,35482764.0,121602.0,4107.42578125,8638.686586127831
755,1781,89.02327728271484,34442324.0,120402.0,3987.187744140625,8638.24986686788
756,1201,89.02326965332031,49723216.0,122202.0,5756.35791015625,8637.964625561359
757,2073,514.28466796875,121659416.0,50307.0,14087.1796875,8636.179753421635
758,784,89.02327728271484,75584912.0,122102.0,8755.1748046875,8633.169946479196
759,4959,115.91968536376953,23648096.0,106207.0,2739.284423828125,8632.9465441022
760,1376,89.02330017089844,44154184.0,121802.0,5115.162109375,8632.020463061142
761,5132,115.9197006225586,58460796.0,105907.0,6772.7958984375,8631.707920430179
762,1514,89.02327728271484,43519716.0,120602.0,5042.458984375,8630.65344405457
763,1565,89.02328491210938,44906948.0,120302.0,5203.2353515625,8630.581737286728
764,934,89.02327728271484,66358968.0,120802.0,7688.91357421875,8630.473910189914
765,1410,89.02330017089844,46297220.0,122202.0,5365.07275390625,8629.374124757489
766,949,89.02326965332031,63813352.0,122202.0,7394.92236328125,8629.34712024278
767,1477,89.02326202392578,42228744.0,121402.0,4894.234375,8628.263537133937
768,354,89.02326202392578,407884096.0,121102.0,47275.44921875,8627.820628687508
769,1098,89.02327728271484,48673748.0,121102.0,5644.0078125,8623.968927222317
770,1747,89.02326202392578,36122920.0,121702.0,4188.77197265625,8623.749451105396
771,479,89.02326965332031,111235384.0,121302.0,12898.8779296875,8623.64808833375
772,805,89.02326202392578,69634608.0,120502.0,8081.19580078125,8616.86929962371
773,1126,89.02326202392578,51716940.0,122102.0,6002.509765625,8615.886024237909
774,1090,89.02326202392578,54362796.0,121502.0,6309.70458984375,8615.743451365955
775,1543,89.02326202392578,36530672.0,120702.0,4240.2646484375,8615.1867934614
776,1391,89.02328491210938,47501492.0,121902.0,5514.53125,8613.876655427423
777,1809,89.02326965332031,33312954.0,120802.0,3867.700927734375,8613.115290564643
778,1530,89.02328491210938,43837988.0,120702.0,5089.91259765625,8612.719208613928
779,1212,89.0233154296875,48794016.0,120302.0,5665.74853515625,8612.104066608448
780,501,89.02326965332031,110136392.0,121802.0,12789.0947265625,8611.74260999495
781,867,89.02327728271484,68656240.0,120602.0,7972.630859375,8611.491138996767
782,1516,89.0232925415039,43275712.0,120702.0,5026.87841796875,8608.863871723946
783,1610,89.02326965332031,39839344.0,121502.0,4628.08544921875,8608.169498410003
784,727,89.02326202392578,77392272.0,122002.0,8991.2646484375,8607.495722356389
785,943,89.0232925415039,64075448.0,122102.0,7444.41943359375,8607.178648593144
786,740,89.02326965332031,75383992.0,121202.0,8758.8115234375,8606.646209737672
787,1533,89.02327728271484,43432160.0,120902.0,5046.57470703125,8606.265144452771
788,1748,89.02326202392578,36584524.0,121802.0,4251.36328125,8605.362934132341
789,941,89.02327728271484,67490456.0,121202.0,7843.42919921875,8604.712847630783
790,775,89.02328491210938,71624616.0,121802.0,8326.23046875,8602.28602472889
791,1540,89.02328491210938,41881348.0,122202.0,4868.75,8602.0740436457
792,1794,89.02326965332031,35945636.0,121602.0,4178.95263671875,8601.589710340428
793,506,89.02326965332031,108357072.0,121602.0,12597.90234375,8601.199552380836
794,1476,89.0232925415039,41810132.0,121702.0,4862.05859375,8599.265351048094
795,1739,89.02327728271484,39680896.0,120502.0,4614.57080078125,8599.043705924287
796,777,89.02326965332031,73924184.0,120402.0,8596.927734375,8598.907224078732
797,537,89.02324676513672,100335784.0,121302.0,11669.3203125,8598.254338131572
798,801,89.02326965332031,79915896.0,120702.0,9294.48046875,8598.210117143617
799,860,89.02326965332031,68351304.0,121602.0,7949.71142578125,8597.960396189204
800,1674,89.02326202392578,36373924.0,120902.0,4231.46923828125,8596.050674534612
801,715,89.02326965332031,82494192.0,122102.0,9598.0703125,8594.872647740878
802,789,89.02327728271484,74860744.0,120702.0,8709.990234375,8594.813769658807
803,1560,89.02328491210938,40110316.0,121002.0,4666.95654296875,8594.533853208965
804,1407,89.02330017089844,43613116.0,121702.0,5074.6357421875,8594.33429623855
805,1133,89.02326202392578,48018032.0,122402.0,5587.7158203125,8593.49930170832
806,946,89.02326965332031,67052996.0,121502.0,7804.57275390625,8591.501176850385
807,1323,89.02327728271484,48218940.0,122302.0,5614.43896484375,8588.380834119895
808,723,89.02327728271484,80795336.0,121902.0,9407.8701171875,8588.058188897905
809,1364,89.02325439453125,50368128.0,121202.0,5866.3125,8585.99469428197
810,1753,89.02326202392578,36327800.0,122002.0,4231.322265625,8585.448642171456
811,982,89.02327728271484,53077948.0,121102.0,6183.86767578125,8583.292978256412
812,1524,89.0232925415039,41598912.0,121502.0,4846.63818359375,8583.044663993194
813,806,89.02326965332031,77299560.0,121202.0,9010.43359375,8578.894588781843
814,1087,89.02326965332031,56739532.0,121402.0,6615.4287109375,8576.848830097846
815,1470,89.02327728271484,44664736.0,121402.0,5207.92041015625,8576.309252517925
816,481,89.02327728271484,104734312.0,121402.0,12212.3681640625,8576.085374514263
817,1744,89.0232925415039,34942512.0,121602.0,4074.416259765625,8576.078086339176
818,798,89.02326202392578,74812504.0,121702.0,8724.8330078125,8574.663140602284
819,1661,89.02326965332031,37487156.0,120502.0,4372.455078125,8573.479962674717
820,1320,89.02328491210938,46498464.0,120802.0,5423.57177734375,8573.402530458092
821,726,89.02326202392578,77491456.0,121502.0,9040.4580078125,8571.629438799908
822,1637,89.02328491210938,39393308.0,121402.0,4595.8759765625,8571.44714106588
823,1840,89.02325439453125,34792828.0,120902.0,4059.827392578125,8570.026416296827
824,1769,89.02326202392578,34879580.0,122202.0,4070.120361328125,8569.667946777477
825,749,89.02328491210938,68557304.0,120902.0,8001.52099609375,8568.034006718082
826,5136,115.91970825195312,80032752.0,105707.0,9340.9306640625,8567.963394473229
827,1088,89.02327728271484,52599856.0,121702.0,6139.56298828125,8567.361569609884
828,1086,89.02327728271484,56139304.0,121802.0,6552.80224609375,8567.220845626114
829,1291,89.02326965332031,50441132.0,122302.0,5887.90966796875,8566.899773345456
830,1734,89.0232925415039,34156636.0,120302.0,3987.75634765625,8565.376874160103
831,1418,89.02328491210938,46933748.0,121102.0,5480.28125,8564.113018834572
832,1723,89.02327728271484,34546004.0,121102.0,4035.077392578125,8561.422901960148
833,1587,89.02327728271484,40557620.0,122302.0,4738.193359375,8559.722435082267
834,1849,89.02327728271484,34546004.0,120902.0,4037.069091796875,8557.199100257109
835,1572,89.02327728271484,42241916.0,121402.0,4936.55078125,8556.969809860599
836,518,89.02326202392578,110149112.0,121002.0,12874.080078125,8555.882154808089
837,970,89.02328491210938,61060740.0,120602.0,7136.796875,8555.762629856268
838,1659,89.02326965332031,38295224.0,120902.0,4476.50146484375,8554.721650546064
839,1387,89.02330780029297,43336932.0,121302.0,5066.66552734375,8553.343765464586
840,1663,89.02326965332031,37380500.0,122302.0,4370.67578125,8552.567582422984
841,1652,89.02326202392578,38956112.0,121302.0,4555.0126953125,8552.360795852268
842,932,89.02328491210938,63421068.0,120302.0,7416.337890625,8551.534319946591
843,1131,89.02326965332031,52592292.0,120702.0,6150.07470703125,8551.48831604799
844,810,89.02326202392578,74536936.0,122202.0,8717.189453125,8550.56969919123
845,1807,89.02327728271484,33057064.0,121102.0,3866.201416015625,8550.269487529049
846,1449,89.02328491210938,45591560.0,120302.0,5332.7802734375,8549.304051976582
847,1638,89.02326965332031,38548968.0,120502.0,4509.7177734375,8547.977930471761
848,462,89.02326202392578,129991920.0,122502.0,15207.72265625,8547.757145385376
849,1283,89.02328491210938,45503104.0,121602.0,5323.96533203125,8546.844534511501
850,1597,89.02326965332031,40171164.0,120802.0,4700.54833984375,8546.059118144358
851,4845,115.91969299316406,19107256.0,105807.0,2236.041259765625,8545.126757635395
852,808,89.02326202392578,78066976.0,122002.0,9135.974609375,8545.007986328086
853,5191,116.92749786376953,69153256.0,106507.0,8093.763671875,8544.017196882149
854,857,89.02327728271484,70510392.0,122102.0,8252.8759765625,8543.73580800727
855,1495,89.02328491210938,39301868.0,122202.0,4602.19189453125,8539.815136066385
856,1275,89.02326965332031,50182116.0,120702.0,5877.19287109375,8538.44974984819
857,1679,89.02330780029297,34653912.0,121902.0,4059.412841796875,8536.680882317121
858,1144,89.02332305908203,50421592.0,121802.0,5907.935546875,8534.55350010893
859,1596,89.02326965332031,43038628.0,121202.0,5044.1640625,8532.360856373316
860,187,124.00642395019531,344389984.0,102202.0,40371.6171875,8530.497611738754
861,530,89.02326202392578,103336880.0,122102.0,12113.9931640625,8530.372982755205
862,1725,89.02328491210938,33717516.0,120602.0,3952.835693359375,8529.956369460093
863,772,89.02326965332031,69483992.0,122002.0,8146.43115234375,8529.378165800772
864,5201,116.9275131225586,118495712.0,105907.0,13893.7744140625,8528.691230229366
865,1795,89.02326965332031,33411704.0,120902.0,3917.8212890625,8528.13375977012
866,773,89.02327728271484,72078656.0,120902.0,8452.2275390625,8527.770421097157
867,996,89.02328491210938,56320076.0,122302.0,6605.8017578125,8525.850163970148
868,872,89.02328491210938,72246784.0,121602.0,8473.8671875,8525.833884507056
869,1063,89.02326202392578,61283884.0,120502.0,7188.9892578125,8524.68710165353
870,1274,89.02326202392578,50433880.0,121902.0,5917.13720703125,8523.358211141383
871,935,89.02326965332031,70142608.0,120702.0,8230.7763671875,8521.991713883499
872,966,89.02327728271484,63042496.0,120402.0,7398.1533203125,8521.382738434118
873,4646,115.91969299316406,62087216.0,105207.0,7287.56103515625,8519.615232103344
874,1511,89.02326965332031,40066308.0,121502.0,4703.30419921875,8518.757516610403
875,1306,89.0232925415039,44328016.0,121202.0,5203.83837890625,8518.330657555303
876,1372,89.02327728271484,47091572.0,120602.0,5529.3896484375,8516.594957873367
877,1080,89.02327728271484,59506148.0,122302.0,6987.12109375,8516.547402223847
878,1184,89.02327728271484,48760168.0,121402.0,5725.68408203125,8516.042328116328
879,1169,89.02325439453125,48702704.0,121802.0,5719.62158203125,8515.022069467725
880,1313,89.0233154296875,42700408.0,120602.0,5015.205078125,8514.18981573613
881,1888,89.02326965332031,34025928.0,121702.0,3996.618896484375,8513.6784069982
882,1398,89.02328491210938,41823456.0,121402.0,4913.494140625,8511.958049202034
883,955,89.02326202392578,59553176.0,120802.0,6997.61328125,8510.498309412416
884,790,89.02326965332031,73204968.0,120702.0,8604.5712890625,8507.683362801909
885,1591,89.02326965332031,41269740.0,122002.0,4850.88818359375,8507.666727833246
886,1796,89.02326202392578,34650944.0,121702.0,4073.036865234375,8507.397587231531
887,1881,89.02326965332031,36072532.0,120702.0,4240.68603515625,8506.29631643336
888,2308,514.2846069335938,113209672.0,50407.0,13309.333984375,8506.035849194768
889,1060,89.02326965332031,56943800.0,121802.0,6695.71923828125,8504.508324428658
890,1227,89.02325439453125,54799768.0,121902.0,6445.0634765625,8502.595544524826
891,1554,89.02327728271484,38779524.0,121102.0,4561.2451171875,8501.960101611852
892,1808,89.02326202392578,35220268.0,121402.0,4143.30078125,8500.533719247467
893,1544,89.02326965332031,40389656.0,121802.0,4751.8740234375,8499.732063768426
894,358,89.02327728271484,344632576.0,121302.0,40548.23828125,8499.323043570115
895,1526,89.02330017089844,38087932.0,121402.0,4482.47802734375,8497.0705417089
896,2306,514.2846069335938,116192032.0,50307.0,13674.3837890625,8497.057987573566
897,1295,89.02326965332031,48111480.0,121102.0,5662.51904296875,8496.480035637298
898,1107,89.02326965332031,52676452.0,121102.0,6201.1455078125,8494.632472925476
899,937,89.02326965332031,69097920.0,121402.0,8135.56640625,8493.313993100319
900,1221,89.02332305908203,52539800.0,120702.0,6186.96533203125,8492.01461142673
901,463,89.02326965332031,120292312.0,121602.0,14166.828125,8491.125249675464
902,997,89.02328491210938,57923212.0,122202.0,6824.9912109375,8486.928438409448
903,756,89.02326965332031,64677248.0,122102.0,7622.6162109375,8484.914655311683
904,1200,89.02326965332031,50950764.0,122102.0,6006.61669921875,8482.439707968531
905,1502,89.02328491210938,38890276.0,121802.0,4585.21826171875,8481.662983131831
906,717,89.02326965332031,84436920.0,120902.0,9956.8642578125,8480.272283891776
907,1109,89.02326965332031,47084084.0,121602.0,5553.3701171875,8478.470371401374
908,1277,89.02326202392578,49320388.0,121402.0,5819.314453125,8475.2917886255
909,1857,89.02328491210938,33674968.0,121602.0,3973.570556640625,8474.737649674407
910,767,89.02330017089844,67198688.0,122302.0,7932.8359375,8470.953960151783
911,1123,89.02327728271484,52621532.0,120902.0,6213.11083984375,8469.433968978308
912,3420,540.3311157226562,126817432.0,49207.0,14975.3271484375,8468.424812557896
913,1606,89.02326965332031,39990524.0,120902.0,4722.74072265625,8467.65180399482
914,1442,89.02327728271484,39001060.0,120902.0,4606.11328125,8467.23856288136
915,1411,89.02330780029297,42247848.0,120302.0,4989.72314453125,8466.972370261416
916,1366,89.02325439453125,47895504.0,122502.0,5657.333984375,8466.09094182572
917,1390,89.0232925415039,43234348.0,120702.0,5107.2626953125,8465.268105296589
918,458,89.02326202392578,140492368.0,120702.0,16597.986328125,8464.422443940572
919,550,89.02324676513672,99314672.0,120502.0,11736.3154296875,8462.167926126063
920,815,89.02327728271484,70985384.0,122302.0,8391.5810546875,8459.11915018063
921,977,89.02327728271484,61776912.0,122402.0,7303.169921875,8458.91751949536
922,1469,89.02326965332031,40623176.0,120802.0,4802.6455078125,8458.49978598628
923,787,89.02327728271484,68624072.0,122402.0,8113.68017578125,8457.823147236923
924,1710,89.02326202392578,36212444.0,120802.0,4281.55908203125,8457.770477108576
925,724,89.02327728271484,76451632.0,121402.0,9039.3271484375,8457.668446397043
926,1653,89.02326965332031,37876096.0,121102.0,4478.638671875,8457.055541866926
927,1582,89.02327728271484,37876064.0,121102.0,4478.97314453125,8456.416856673059
928,1072,89.02328491210938,51374736.0,120902.0,6075.72216796875,8455.741487135138
929,774,89.02328491210938,69228184.0,121202.0,8187.216796875,8455.643195673514
930,1388,89.0232925415039,46135728.0,121502.0,5456.91357421875,8454.546214176595
931,1290,89.02328491210938,43584596.0,121402.0,5155.90185546875,8453.340893944827
932,1786,89.0232925415039,32986032.0,120502.0,3902.890380859375,8451.693176362496
933,927,89.02325439453125,69346800.0,120702.0,8205.3037109375,8451.46047519998
934,1057,89.02328491210938,58107072.0,121702.0,6876.10986328125,8450.573529997608
935,1082,89.02328491210938,55701880.0,121702.0,6594.744140625,8446.40501772689
936,1811,89.02326202392578,33683848.0,122102.0,3989.040283203125,8444.098231305024
937,1401,89.02330780029297,43703616.0,121302.0,5175.7744140625,8443.879602105135
938,1777,89.0232925415039,37104828.0,121102.0,4395.95458984375,8440.675908191957
939,1699,89.02326965332031,40258672.0,120502.0,4769.73095703125,8440.449233442212
940,1339,89.02326965332031,48539968.0,120502.0,5751.61181640625,8439.36787624325
941,1721,89.0232925415039,34713628.0,122302.0,4113.99462890625,8437.937122253607
942,719,89.02326202392578,81445080.0,120602.0,9653.58984375,8436.766147955808
943,357,89.02326202392578,378591296.0,121802.0,44875.1484375,8436.546934820375
944,1548,89.02327728271484,41609720.0,121502.0,4932.53662109375,8435.765042687788
945,1142,89.02327728271484,52845128.0,121402.0,6264.67431640625,8435.415048090605
946,1095,89.0233154296875,49800132.0,120202.0,5905.3740234375,8433.01911146544
947,745,89.02327728271484,74681968.0,121802.0,8856.8828125,8432.082661701132
948,1344,89.02326965332031,52620164.0,122302.0,6242.63427734375,8429.160136926996
949,5116,115.9197006225586,31896798.0,104907.0,3784.182373046875,8428.980121885075
950,1373,89.02326965332031,44611324.0,122302.0,5292.8828125,8428.549352092801
951,1381,89.02330017089844,42685200.0,121002.0,5064.42578125,8428.438256126336
952,5060,115.91967010498047,18352174.0,105907.0,2177.7001953125,8427.31889334586
953,471,89.02326202392578,123387040.0,121702.0,14646.1259765625,8424.55132486573
954,1342,89.02326202392578,49966400.0,121002.0,5932.49609375,8422.491850039409
955,1156,89.02326202392578,51786988.0,121802.0,6149.00341796875,8422.013207647104
956,521,89.02326965332031,107942320.0,121402.0,12817.3017578125,8421.61026084965
957,1273,89.02326202392578,49456744.0,122002.0,5873.974609375,8419.638709548708
958,1332,89.02326202392578,45011292.0,120602.0,5346.13818359375,8419.403025932033
959,1176,89.02326965332031,50736688.0,122002.0,6026.3037109375,8419.205276347911
960,459,89.02326965332031,121119288.0,121502.0,14386.8525390625,8418.74813626835
961,1630,89.02326965332031,38085020.0,121802.0,4526.09814453125,8414.536933101417
962,858,89.02326202392578,70461728.0,121302.0,8374.21875,8414.125556488478
963,1709,89.02325439453125,34611776.0,121002.0,4113.79736328125,8413.583106678092
964,1755,89.02326202392578,37861896.0,121702.0,4500.76318359375,8412.327966513492
965,4598,115.9197006225586,94377768.0,106007.0,11220.671875,8411.062104959736
966,1799,89.02326202392578,33433712.0,121102.0,3975.04248046875,8410.906842952125
967,1910,89.02326202392578,33048408.0,120602.0,3929.805908203125,8409.67945287434
968,942,89.02326965332031,59675548.0,122102.0,7097.03515625,8408.518020013858
969,346,89.02328491210938,487358720.0,121002.0,57967.1484375,8407.498611484549
970,1078,89.02326202392578,60597716.0,121302.0,7207.58447265625,8407.492999893708
971,2077,514.2847290039062,114889880.0,50207.0,13668.6455078125,8405.359546001331
972,4610,115.91970825195312,70737872.0,105107.0,8418.8642578125,8402.30580203939
973,1743,89.02326202392578,36638120.0,122302.0,4361.365234375,8400.608073643798
974,1167,89.02326202392578,51380112.0,121802.0,6117.23095703125,8399.243442156261
975,1639,89.02326965332031,40892192.0,122402.0,4870.29052734375,8396.253112707538
976,1783,89.02327728271484,33898492.0,122302.0,4037.34619140625,8396.231185761359
977,4637,115.91969299316406,77174592.0,106007.0,9194.9404296875,8393.158453841432
978,1800,89.02326965332031,34412412.0,122402.0,4100.3271484375,8392.601554515824
979,1827,89.02325439453125,34418032.0,121802.0,4101.3583984375,8391.86158739804
980,930,89.02326965332031,64796996.0,122302.0,7721.57763671875,8391.678365295204
981,951,89.02326965332031,62568024.0,122002.0,7456.30517578125,8391.29066273019
982,2007,514.2846069335938,107084088.0,50207.0,12763.7275390625,8389.719043459412
983,1613,89.02326965332031,37782152.0,121402.0,4503.43994140625,8389.620488244393
984,923,89.02327728271484,68262536.0,122102.0,8137.40625,8388.733940867214
985,797,89.02328491210938,72787360.0,121302.0,8676.99609375,8388.543594300843
986,1150,89.02326202392578,50139416.0,120602.0,5977.13330078125,8388.539033159333
987,849,89.02327728271484,62388520.0,122402.0,7439.15625,8386.504853961093
988,1329,89.02326202392578,46793468.0,121702.0,5580.1015625,8385.773534027858
989,1264,89.02326965332031,56658856.0,122302.0,6756.86767578125,8385.37303358526
990,1110,89.02326965332031,52408780.0,121102.0,6250.884765625,8384.217909152236
991,854,89.02327728271484,63380132.0,122402.0,7560.57470703125,8382.978074544675
992,5141,115.91972351074219,84400864.0,105107.0,10069.8642578125,8381.529466449292
993,2079,514.2847900390625,112737672.0,50307.0,13452.392578125,8380.492268960636
994,1806,89.02326965332031,36893108.0,121402.0,4402.2880859375,8380.439280620894
995,1634,89.02327728271484,38535520.0,121002.0,4598.65625,8379.734841020136
996,484,89.0232925415039,115484928.0,120402.0,13783.693359375,8378.373269705158
997,987,89.02328491210938,54594844.0,121102.0,6517.17431640625,8377.072846212453
998,1858,89.02326965332031,35006528.0,120502.0,4178.98828125,8376.794966634605
999,817,89.02326202392578,66103624.0,120502.0,7891.45751953125,8376.605188128357
1000,1649,89.02326965332031,38795208.0,120702.0,4632.609375,8374.374970909348
