"name","mzmed","mzmin","mzmax","rtmed","rtmin","rtmax","npeaks","S80","maxint","Tommy_Day01_T3FS_POS_S20A","Tommy_Day01_T3FS_POS_S20B","Tommy_Day01_T3FS_POS_S20C","Tommy_Day01_T3FS_POS_S20D","Tommy_Day01_T3FS_POS_S40A","Tommy_Day01_T3FS_POS_S40B","Tommy_Day01_T3FS_POS_S80AIO"
"M73T1400","72.9368135368505","72.9367802814428","72.9368249062208","1400.4271","1398.83898","1402.32078","5","5","140838.46875","1128784.90317386","2830900.57073073","2657692.99731267","2691995.07236507","2589021.23175129","2964546.4935926","2660770.9678526"
"M73T318","73.0647377764113","73.064715305583","73.0647579105782","317.69917","316.834656","318.447338","7","6","234840.4375","1303741.30370221","2556275.92972706","2215098.58315659","1080110.02252774","2590307.49608538","2284816.07950785","2163176.52041147"
"M73T42","73.064736225371","73.0647203560733","73.0647458316812","41.689636","40.975174","94.016036","9","6","205947.59375","3706767.94219829","1916378.65765878","2956383.33581909","2878698.90455683","3502383.10080139","2018363.09405784","3350414.86900475"
"M74T133","74.0599564135797","74.0599494020127","74.0599861821712","132.645826","52.6341962","133.462394","13","7","4141656.21679688","17828786.4331697","17766114.8110508","12667977.5705814","20921354.595971","30356932.0629942","14269601.9380983","2129372.36668103"
"M74T1375","74.0963370443584","74.0963217076107","74.0963515818441","1374.77638","1374.77046","1375.04322","7","7","203544.96875","1798132.28702289","1570291.37295395","1587868.01728076","772034.740986321","1590214.654573","1591738.60341993","1688397.56771866"
"M75T133","75.0633107336643","75.0260170385083","75.0633453652657","132.787989","131.094788","165.724866","10","6","162741.565673828","534120.469803544","539421.864384739","144013.849441965","641832.48927757","941417.248970935","424238.517597344","52109.4396984569"
"M79T57","79.0541504174919","79.0211156613967","79.0541573103176","57.427788","45.3936312","60.377008","5","5","93837.0546875","369685.639352465","383382.827019461","23005.9349530312","1027522.96828031","2204683.41684833","3327407.31001957","40657.323920478"
"M80T62","80.0493683085745","80.0493467163432","80.0493784189391","62.015182","61.706646","63.065176","9","6","4649857","20039754.9530744","18935154.4641957","16156617.0229249","11886283.701638","13349649.7509769","10500448.5821506","4894379.21298223"
"M80T1404","80.0493677104999","80.0493637615201","80.0493886259528","1403.92581","1397.50768","1406.60794","4","4","141825.171875","151470.326293933","5404395.46374012","75778.8379917145","79906.0720207191","68614.6339019669","67110.5327120943","94908.4496388435"
"M83T1142","83.0602639897196","83.0602346256669","83.0602824013298","1142.11158","1090.2188","1198.00128","23","5","399072.40625","302917.118577307","166911.71081543","250876.980956265","262080.241008654","466803.937035497","141879.149139404","360428.536789237"
"M83T1390","83.0602650988958","83.0602515409782","83.0602928267247","1390.09251","1308.1812","1390.5513","12","6","627616.0625","8289370.4994619","3526448.79533164","8263685.83552308","5210705.28478357","8112233.79170837","7579998.67623197","3499451.74440246"
"M83T929","83.0602572824876","83.0602396571294","83.0602749016201","928.83698","867.1953","983.80342","12","5","421969.932861328","469080.214203411","245183.150253296","248854.768935776","283672.668888604","366119.250087539","252026.389120102","164679.538288744"
"M83T543","83.0602611527464","83.060243107207","83.0602826328796","542.837076","485.870676","588.012988","10","5","257840.28125","353917.168357278","339823.787455022","145245.86727","3753638.93559959","205319.179429634","369168.21503537","248760.14442402"
"M83T768","83.0602598494831","83.060240613399","83.0602730636683","768.2468","718.56038","842.33168","12","5","430947.71875","243370.287868359","952319.207761938","9794460.91761101","5929829.94661026","364738.369729362","731723.703140779","284918.641843267"
"M83T1026","83.0602615235741","83.0602381832822","83.0602804592138","1025.91234","995.0268","1036.4761","6","5","431901.03125","326501.719008769","0","502181.334678935","298956.347544392","479770.216517874","196429.639152527","570690.793184985"
"M83T645","83.0602644939393","83.0602472814415","83.060293087489","644.75538","641.75328","663.62296","5","5","328691.96875","4491000.83157413","536847.687723853","224616.980435606","196187.441607156","6265199.18732809","532469.172622941","595489.447866546"
"M83T229","83.0854029577264","83.0602538345211","83.0854261663164","228.848532","226.577322","324.053302","7","6","140704.5","1086774.73274178","362421.59899724","34571.3978929515","1268283.80781315","947638.390489309","465248.549355597","1110967.0433631"
"M89T318","89.0595830306506","89.0595640651313","89.0596152560902","317.902594","317.631532","318.6322","7","6","314326.40625","1721137.62104697","1437288.29090177","1174489.70087956","636964.183714031","677483.575848671","1306354.75244449","73203.460301858"
"M90T1398","89.5064565577","89.5064389501504","89.5064916712614","1397.508","1397.198","1399.33436","21","7","2087208.11328125","48549914.6368364","47882701.0705581","48053531.1718727","27985647.7331755","47484751.1242188","46983497.2081789","47278113.3412246"
"M90T1399","90.0078602893215","90.0077568928962","90.0079574311058","1398.84314","1397.46548","1400.98464","10","6","250350.560546875","3529788.1597221","1620773.03263296","3445594.13758848","76179.1890454038","188440.754607827","2357512.54672411","3398808.51636382"
"M91T1178","90.5065872735011","90.5065482555253","90.5066313582855","1177.95016","1097.71728","1180.0842","171","7","304992.163085938","191518.435436244","5869485.80986173","7961115.26028265","190170.022904015","4097563.54885335","4873974.79506021","269007.639373645"
"M91T1387","90.5066145076655","90.5065797107333","90.5066438401975","1386.5373","1386.27246","1386.5436","13","7","3875271.203125","13410823.4381538","13153667.3422339","12645409.0971521","8984177.44583793","12152842.6413705","12395106.7359538","12795628.7783178"
"M92T1179","91.5043406847701","91.5043163807736","91.5043799836436","1179.01404","1176.07482","1181.95668","17","7","137557.477539062","111025.095978003","152746.102450513","107760.040334622","91398.9969354416","50317.0191072685","71711.3346646917","77226.8491832748"
"M98T1400","97.5142706441276","97.5142578882851","97.5142973434166","1400.44791","1400.15974","1402.05342","4","4","155501.03125","1466125.02346978","2457520.12784755","1330483.3929857","1479355.70954879","1459495.46394733","1399956.60856507","1465429.29693593"
"M99T1399_1","98.511906184353","98.5118858574707","98.5119421885018","1399.10933","1398.30408","1400.14662","10","7","2077238.7265625","48898269.8360879","46034385.4983932","46292691.8581526","47277006.9651729","45430893.1510074","45479031.2096734","46001082.0692589"
"M99T1399_2","99.0131077740856","98.9608308597009","99.0132502370633","1399.10898","1384.37848","1401.23948","9","7","1571251.875","2017583.96875071","1445993.25840682","3364918.37258963","2019121.26929601","164803.369064302","1217797.51037024","4548510.00533833"
"M102T1398","102.012803035335","102.012779972072","102.012822914458","1397.76924","1396.9695","1402.2961","7","7","177971.421875","88478.3660104739","3676994.67063523","76876.657512906","1203253.23857319","1355148.68138627","1542453.8058006","3907600.05631656"
"M104T1379","103.95511437784","103.955104257894","103.955131366713","1378.51446","1377.1779","1378.78786","7","7","1758548.875","2367869.33079785","2376267.82863252","2114665.11724776","84343.1189296804","2058025.74454658","4812668.82482229","101669.774149689"
"M107T752","107.085410554871","107.085390512614","107.085434884058","751.81164","750.86604","752.84706","7","7","127764.5625","1378106.48490245","1403000.75461348","1394008.12517126","748856.270318","1435607.47561239","1372508.63673382","1501279.26414179"
"M108T1375","108.080632226203","108.080618156815","108.080674785417","1375.44461","1315.4028","1375.57902","16","7","2065660.125","15309692.3408713","14606538.7783467","14583606.997452","14947343.218319","14483118.8032429","14777149.2120801","14867796.6983839"
"M108T1218","108.080644819537","108.080611492475","108.080668811858","1217.79144","1185.973","1275.28872","19","7","380322.65625","363354.431391913","263438.128474175","528704.740178926","253456.42235064","354367.633560556","387433.879027495","353433.462900205"
"M109T1397","109.022302076817","109.022291379785","109.022337664476","1397.24064","1396.93064","1398.26462","7","7","543420.75","6392637.80826641","10827036.4316314","10503227.8492425","10781602.1990235","10558567.588966","10411468.8102288","6055108.9289254"
"M109T468","109.101101301887","109.101054639608","109.101121772533","468.463572","467.576842","469.013526","7","7","346214.8125","2256444.81786791","1135121.824393","4076257.59763586","1048583.98671674","4012808.28211141","3044242.69732238","2295361.9497438"
"M110T267","110.019921557789","110.019888046943","110.019940744508","266.517862","243.21716","335.630088","19","7","443433.4375","631084.026875692","285506.395702736","465920.570358311","585084.419728477","560522.508832242","311748.418084672","698364.033796923"
"M110T64","110.019911588539","110.019873918693","110.019923994493","63.97903","42.6993952","144.065638","18","7","270882.3125","194024.360090836","320798.634888863","3829224.10011825","3605531.06619193","202642.028044649","1679921.70147778","270392.008754701"
"M110T1397","110.019908580681","110.019896220034","110.019937772178","1397.21749","1396.96698","1398.26462","10","7","7870129","196528315.353895","187123421.728623","184197912.13314","190418675.46608","186683437.377994","184517392.10171","183263433.719255"
"M111T1397","110.521063303243","110.521017782385","110.521120213779","1397.24064","1397.198","1398.30948","24","7","964249.9765625","20217586.4777058","18516400.8849704","18793529.6657345","19614828.3215518","18914687.7834996","18770434.1816727","8361664.9370731"
"M111T1177","111.020071279316","111.020026785077","111.020109977201","1177.14732","1173.40062","1179.01404","293","7","1084143.875","739306.856551445","1222457.34540373","1137594.44941879","797365.328170957","902251.716478474","39103240.2493728","491572.466150302"
"M111T1095","111.020070128702","111.020018293805","111.020106188446","1094.92458","1020.98474","1123.18704","344","7","1103466.875","2746001.85057278","690963.691870704","763126.234321703","1021186.97645645","624940.074042781","1034170.66179412","426729.316837464"
"M111T1304","111.02006249231","111.020034693079","111.020115268962","1304.17236","1301.5015","1386.5436","209","7","225668.57421875","3825014.25365221","3728701.45938961","9240178.14274253","6203202.76557949","8268412.72238759","114869.134585913","5254455.41723863"
"M111T403","111.116686217049","111.116613401964","111.116744237766","402.949672","402.646472","402.972024","6","6","812339.8125","3033798.5367318","2685613.8731528","2346229.57497969","2626834.00214207","2849058.82076549","2985238.79339018","1347694.86559856"
"M112T1174","111.520963778526","111.520786491077","111.521061797195","1174.20282","1086.73216","1176.6072","11","7","152823.76171875","134157.758078426","103789.686963689","246978.253205337","103209.105440602","151835.474282235","120194.277506974","68861.402233754"
"M112T1176","112.017752327839","112.017701685625","112.017787808523","1176.07338","1101.98876","1180.08366","208","7","507193.440429688","305516.729848231","13256373.6885969","292076.215156364","518918.4062795","8009317.24929885","511156.908740611","260833.641515262"
"M112T1393","111.984256236608","111.968132685445","112.01778354363","1393.49046","1386.1136","1400.71684","27","7","460879.5625","7982864.55959261","8115290.83460827","4784901.50479259","8267307.88574432","7759582.94212317","7865117.17942684","7617700.13725884"
"M114T247","113.963559745783","113.963524857211","113.963586027506","247.478544","234.293324","323.261054","64","7","333162.947265625","228383.236380685","419505.929348916","221608.283979908","375083.683725222","246940.076984022","220312.176093483","319143.935890733"
"M114T40","113.963565519415","113.963526059469","113.963580919766","40.45619","39.4682736","104.43288","21","7","829867.046630859","7425997.95269785","2496942.57693966","2607292.07782235","7002986.23417003","4625399.34030379","6999888.81084616","4249317.56961237"
"M114T1400","113.96350291878","113.963488900672","113.963535761321","1399.51065","1399.10898","1400.94882","8","7","3471321","95752226.6039296","95344775.0281864","97130550.8782471","97278721.7229574","94888035.8459077","95834815.6086061","95718148.8183113"
"M115T1400","114.965362385282","114.965308694613","114.965400025076","1400.44974","1399.91124","1402.01856","7","7","286180.09375","5904567.29202529","2580373.75813777","6285505.17120626","6089585.04582766","2562670.01268039","6301927.71817167","2720151.17124268"
"M116T1388","115.963864624009","115.963840372205","115.963901084204","1388.14188","1387.57758","1388.41464","7","7","1273481","8595290.95210036","8079425.12779265","3507013.48175155","8859651.42436234","6142979.44495628","8429222.06230889","8976318.46319024"
"M116T165","116.052492241045","116.052475273176","116.052507855401","164.67561","159.916324","165.447368","6","6","88464.4609375","1087446.82063313","1087210.90210667","902898.125646433","1014542.3731607","568465.957273914","1134327.4568761","562290.967556266"
"M117T1457","117.090867430887","117.090837524472","117.090911797407","1456.88353","1450.99092","1499.40508","12","7","90252.609375","99900.4184214387","85461.1369805263","77644.4160860091","60863.549959448","80470.3327829401","87873.5113415614","91719.5243146798"
"M117T55","117.090864822058","117.090835302312","117.090873229622","54.5172222","42.6875056","92.276342","9","6","265468.4375","1990507.5600634","2150489.12023039","2899005.08545104","3027821.96242809","1978317.4459453","2900404.9804497","3012680.97918281"
"M117T318","117.090863250271","117.090821011069","117.090891417845","317.507196","317.100214","318.244046","6","6","226361.90625","2257730.59908207","2397308.59839187","1409527.42354348","1191961.93393423","1026033.76111426","2574132.68464947","1485972.47579579"
"M118T1401","118.064940975496","117.95930344133","118.06497120127","1401.48372","1387.31004","1405.52466","9","7","138309.359375","100618.036183292","94157.2159828491","92036.3000306824","82730.1710212665","153055.820903902","4415262.2545439","125809.69658904"
"M118T438","118.031730074833","118.031648217","118.064971761023","438.243894","437.929482","484.088682","7","6","31998.8828125","93369.5896619878","166660.640447657","92534.1602092822","198923.944943613","116447.358560348","213615.939809982","99034.1941403231"
"M118T334","118.064955703842","118.064937709533","118.064977766965","333.63218","257.296654","369.140728","8","5","568049.596679688","7782242.18315564","4792784.28811049","2655003.08688051","7836666.19780828","4193402.00416557","2048388.023802","3831094.63474009"
"M118T1387","118.086087475322","118.086075772796","118.086135459997","1387.19322","1386.8073","1387.34586","7","7","5420721.5","289746.125395261","5570519.56657989","11348170.1749619","5518687.61003642","6608235.82636837","6196385.86790764","6944461.04875687"
"M120T1405","120.023725294149","120.023574507223","120.023912921396","1404.72858","1403.92266","1406.33278","7","7","268896.84765625","350835.49483628","8801940.63488208","262872.698363208","462176.370179978","247114.785633382","224124.334764854","255841.164147986"
"M121T1371","121.088482012293","121.088477918485","121.088493959644","1370.89545","1370.48282","1371.29652","4","4","210968.203125","2818580.74554203","2776966.13426198","2493274.16977417","2597420.54429886","2625857.05943047","2695081.25443411","2561931.72582622"
"M122T1227","122.096283906528","122.096237117618","122.096333917245","1226.88934","1187.57424","1323.69784","162","7","6928488.18359375","14753320.2694806","6048529.22667121","2993550.9151206","6196362.21170948","5886078.07466062","4088706.81239743","215333232.721354"
"M122T1372","122.096274956229","122.096249319499","122.096314915461","1372.10212","1372.09626","1471.19758","46","7","21813288.65625","283794739.487058","259676744.078525","171914014.465884","123048898.833487","288400627.49972","292366796.535874","284214326.683993"
"M123T88","123.043886199075","123.043858743338","123.043900987904","87.743606","57.4108342","139.137356","42","7","706304.625","351211.999809773","489966.792535155","650178.603309136","410173.720124256","10370485.603925","5126783.56244693","726512.231929216"
"M123T211","123.043889607858","123.043862114041","123.043910933484","210.737436","179.37462","224.493084","24","5","610959.873046875","406430.451377074","498585.172446169","414285.858714001","537459.267216372","543249.360889435","481727.019976267","1116746.16839649"
"M123T1449","123.043882514233","123.043862306445","123.043927754055","1449.11526","1397.46548","1499.6623","21","7","466744.153808594","330530.5523854","478680.895326658","257013.493230374","467311.987718519","507840.792799209","560456.238121853","357414.034409728"
"M123T1241","123.091471855405","123.091411811591","123.099616856506","1241.06022","1187.0394","1324.76758","130","7","1049204.75","421644.724998363","922464.227236298","2448071.74052856","278005.373675915","360497.941958458","700991.88337258","686557.697969924"
"M123T1373","123.099522958354","123.091435997601","123.099551144598","1372.90438","1371.82992","1376.11296","39","7","1779680.00976562","22363514.4200443","14759505.7164592","953677.485261038","24330116.6416549","22042404.770207","24013305.8057447","23694332.318512"
"M129T55","128.950591640614","128.950462631501","128.95060281272","54.632505","36.835938","72.354428","16","5","254391.810058594","4441971.27331226","4619194.67619503","4265104.77631227","2035294.18033442","4842746.95613686","4637685.13122686","5381852.70152733"
"M129T1397","128.950548118436","128.950531737686","128.950588237603","1397.24064","1396.96698","1399.06688","11","7","1290255.78125","38139264.0089838","37051685.2216082","37608313.98483","37084338.088466","38656777.7327123","37455864.7210985","40257167.8562458"
"M130T1392","130.007801463893","129.9873907037","130.00785123664","1392.42497","1373.96826","1392.69348","8","7","460607.125","7916342.80699388","7435101.15916545","7262588.44900784","7604437.40285017","2941112.17020582","7693057.17581469","7904008.92005243"
"M131T1399","130.966237933123","130.966227576698","130.966273975849","1398.8415","1397.7329","1400.68146","7","7","570269.25","20751697.0229776","18806696.7195513","12624653.0696526","13095944.3403674","18325882.133229","18729090.8950394","19512815.3855251"
"M132T1177","131.533349688914","131.533335098753","131.533391111196","1177.14822","1046.37042","1180.88604","37","7","611610.25","586942.575721167","632954.509346341","491671.135522598","355536.626663107","11133240.8566876","11245614.1314529","1214860.74087003"
"M132T1386","131.533329438912","131.53329926723","131.533378513357","1386.27246","1302.0357","1386.5436","9","7","4714315","18664356.6585494","18002788.7560827","17535432.7540828","17529614.6531042","16946672.9645649","17364437.2112277","18283404.3144771"
"M132T41","131.974088184536","131.974057862551","131.974101259198","41.2784344","40.5380112","57.465397","9","7","152566.375","2166873.0322417","2065372.84439849","1251199.30493173","61704.1707409872","2243499.43644312","1265749.16768179","2305122.53340026"
"M132T1402","131.974080801456","131.974070367247","131.974111128893","1401.78594","1401.23948","1404.71282","7","7","567797.1875","8854989.86597418","8416832.20653305","14301119.9063912","14213212.9303647","13632185.0454253","13534494.3262885","6100045.87085713"
"M133T1177","132.53105519568","132.531039840562","132.531094575797","1177.41263","1096.83658","1181.1534","10","7","326457.375","319207.011178098","160196.914598454","5848989.49536002","143151.171174322","165013.024662517","367495.006821398","6706314.15914982"
"M133T1386","132.53103267618","132.531001758584","132.53104043981","1386.40494","1385.97294","1386.54264","6","5","1878276","7323703.53687563","6753884.76870105","6630796.85802559","2308398.44235555","6965023.32678546","4521199.21354623","7225083.83573272"
"M135T752","135.080255469485","135.080227140308","135.080288257733","751.75021","751.061","753.1346","10","7","378011.96875","3812327.23994445","3812619.20589217","1882719.45221609","3910714.19083033","3861166.50505692","3552652.53638452","3840305.78508461"
"M136T1370","136.111943888079","136.111910999537","136.111978306886","1370.49037","1266.20046","1371.29986","12","7","1264439.5","19641284.179473","11420560.0333694","17007796.0297825","18051371.3969933","17742073.4992786","18513835.5145203","10973373.1166578"
"M136T752","136.08368947107","136.083660759067","136.083707038555","751.6734","750.86604","752.84706","7","7","43996.52734375","313376.946021536","323756.851973985","302270.401397493","350555.373468423","145297.724933281","297614.278721821","140973.592119123"
"M136T213","136.061643516392","136.061596438094","136.075565846761","212.887854","141.769078","228.227322","9","7","1560308.125","10361783.4684272","3100058.55323039","728430.291813905","2029607.55128593","6822518.32891124","1735713.7221068","4493245.09356177"
"M136T1189","136.111951783515","136.111932070312","136.111977306377","1188.91474","1184.9037","1226.3511","9","7","464014.375","436011.849199927","520228.401761207","453032.704676172","271433.508951501","413388.825682319","468959.022925373","515866.027113238"
"M139T1393","138.995164271281","138.995134205866","138.995198516402","1392.69432","1391.88588","1392.96148","7","7","518210.3125","3406932.56938551","7248991.95080472","7375545.11837504","7100766.10851776","7342526.59579354","6935799.67852304","3111508.80057261"
"M140T1385","139.987652983819","139.987609464198","139.987717290175","1384.75632","1384.64584","1384.93864","43","7","5263487.5","24044630.0172771","24248647.2753149","25916786.8793616","24134824.2413745","24115745.2765849","23767474.0364172","24592642.7610736"
"M140T1310","139.987715478633","139.987680262034","139.987739457956","1310.05906","1306.04436","1314.60474","34","7","628970.740234375","477644.955779611","16714099.9333158","37346323.4056953","19558545.5966746","320281.463737226","348459.25764752","372184.422676235"
"M140T1180","139.987722909661","139.987677742183","139.987751561556","1180.08366","1173.13314","1180.89222","29","7","1292873.19433594","28767786.2512508","798975.969115443","1549300.18827093","885314.092636633","30332614.9962478","1659093.14942949","26533723.1619085"
"M140T1103","139.987721349992","139.987671645668","139.987755201829","1102.79832","1026.5832","1112.42472","32","7","1173938.5","1139675.91475523","1430512.72805651","878484.991499802","1730641.49705995","1086815.96149555","1374103.17282946","774208.645055311"
"M141T1401","140.951065555617","140.951058339243","140.951103840167","1400.98464","1399.90872","1402.85568","7","7","240578.3125","2041968.15536488","4733707.96961855","104667.951918272","113793.297107835","2729195.82861114","2747955.42978966","4975346.6038861"
"M142T202","141.958438409206","141.958414967931","141.958492837376","201.594924","136.85367","210.045188","36","7","276790.673339844","387082.916591082","198975.792228099","376037.572533596","365177.642004246","329822.834086874","408919.853093802","476218.655366186"
"M142T86","141.958427042158","141.95828524709","141.958464033444","85.892598","36.5685732","132.620032","41","7","330810.46875","284939.724517872","258604.413381095","4240376.15842612","272636.473767912","4851477.70131523","250289.477411308","287277.445565703"
"M142T1385","141.983090983627","141.958410880741","141.983212158796","1384.9353","1307.92002","1458.47886","25","7","1735605.75","9368777.042471","9591744.18192792","9496931.01395386","9257149.01787745","8883949.84426615","9037446.99262285","9397756.57569512"
"M142T1178","141.98318849721","141.983154898255","141.983232339049","1178.47968","1048.77822","1181.6946","20","7","490348.53125","10626250.1625093","311941.811473143","20343351.8605968","304966.737397388","21250479.662372","10390880.8146479","9311742.44493163"
"M142T1500","141.95844038439","141.958413194056","141.958528010324","1500.06318","1499.92944","1500.19644","4","4","229944.273925781","0","3537950.91524944","145996.086574186","3277442.10663664","0","0","232175.185758027"
"M143T1395","143.039419023674","143.039415510162","143.039463706443","1395.36498","1395.306","1395.636","7","7","1015089.16015625","26651021.6958405","25743060.4941969","25342310.6681672","25756041.9225174","25563082.3922763","25563293.373592","26706477.9887278"
"M144T1180","143.980725424373","143.980705326371","143.980773697891","1180.35168","1176.60972","1182.22842","5","5","84885.3125","28575.352563858","23649.9249162674","78542.7216761831","181080.191913991","43516.2798902369","59455.6026344594","36139.6315271403"
"M145T1380","144.98189453736","144.981864201938","145.035099003063","1379.58684","1378.24764","1395.306","27","7","31047124","47905088.9121845","46871162.4286772","84131068.0786543","84863784.0718632","1176966.60397958","46853787.1747686","1206752.33664915"
"M145T1291","144.981971500898","144.981929420861","144.982001921022","1290.53692","1264.32378","1315.14054","29","7","1074973","1162035.79083168","643578.516525447","2600089.47216306","1356206.86919037","1185224.37428781","1009641.99046615","804685.393249624"
"M145T1185","144.981976790956","144.981928512084","144.982010814879","1185.16578","1178.75242","1219.4014","24","7","892241","1054920.20646053","1399902.74730689","514985.31618069","970248.682974167","862360.482003942","1057158.18046217","899541.85179697"
"M147T1380","146.980037356547","146.961123526096","146.980111157427","1379.5896","1378.515","1406.07478","21","7","14082051","21691010.8919258","716519.639905322","20567667.1353467","37189507.5490832","20821972.3523537","20690555.0438089","18572947.1739489"
"M147T1295","146.980143703671","146.980114053415","146.98017596963","1295.0799","1281.7122","1316.4777","17","6","535508.375","347159.5862477","326911.799113989","16357951.7127806","307315.386585868","1659965.42651723","323845.535010865","359543.563101262"
"M147T1185","146.980139588049","146.980116567712","146.980163985589","1185.30141","1181.9583","1225.27992","8","7","435991.53125","494859.384129537","7907803.09320623","437588.128549651","273826.965356266","408272.153077466","406603.445717573","300116.017769373"
"M147T72","146.961162169131","146.961111981411","147.043881054712","71.601468","37.4286948","141.769078","7","4","86428.6015625","1210949.81307852","1311557.5942761","289752.405701359","747291.460684781","1384091.58888455","1765923.63979022","751112.64949365"
"M147T1187","147.091457996503","147.09141233165","147.091521972261","1186.76988","1181.6946","1226.88934","27","7","805605.532226562","385969.669854929","730348.67443837","709102.245257742","901205.507333474","1055621.1654663","908900.767254185","953062.089667857"
"M147T1374","147.091433454424","147.091404647943","147.091456284943","1373.70612","1291.60134","1374.23826","23","7","535911.567382812","10277088.0623535","216061.276490576","10173924.2704245","9007952.97576181","8901652.27140585","8962604.47784819","8869803.80337201"
"M148T1183","148.086658977821","148.086626768564","148.086697162233","1183.16205","1175.80746","1187.04306","6","6","136662.640625","3995585.53027175","115712.244316748","92372.9342269897","81227.235104536","72764.7537562336","127426.663241014","92218.199048126"
"M149T62","148.976843635889","148.976801204068","149.023199431155","61.807206","37.873786","106.90038","20","6","505247.625","1351008.57319172","2233192.86223041","2883045.37892401","1093409.09663018","4737547.4396252","1288055.15666489","143213.646556781"
"M149T1027","149.023160868346","149.023101961657","149.023194664611","1026.84896","1026.5832","1026.87176","8","7","493731.46875","4675567.94886148","4046664.42193497","3812226.18854979","3923372.12435615","4427408.10989456","4184719.14751107","2495997.23845619"
"M149T1413","148.976831812392","148.976822012685","148.97688004115","1413.27996","1409.05166","1415.7022","7","7","326934.03125","297260.562112475","20883162.7188853","310426.173485387","21471000.4361731","14412092.7094842","310501.174538866","274730.62349904"
"M149T783","149.023155356001","149.023138285271","149.02316835664","783.13395","782.11482","784.2575","4","4","152222.03125","56887.0661258698","104393.050175389","90772.4736175537","60786.7504228074","89039.7831996061","2178890.73318743","2389559.61484533"
"M150T1326","150.127537069352","150.127509490664","150.127557590413","1326.10468","1266.73626","1370.49792","26","7","1682405.375","15542330.0117324","433299.589747525","23869850.5746966","23950025.2904009","878969.243148726","25346502.5415052","588056.679218645"
"M150T1187","150.12753724215","150.1275043147","150.127568271457","1187.31054","1184.36836","1226.8845","9","7","646360.375","718040.219650647","1035516.53043072","646246.405779061","587588.060159951","665697.699245071","632910.876735724","865897.852172487"
"M153T1394","153.002764347852","152.994709386781","153.010834836571","1394.29668","1391.35356","1397.72972","14","7","600312.3125","7913391.99480525","5806553.29897663","12808501.1411825","5856688.69293872","7538313.63317756","7438702.6204778","3453865.40957028"
"M154T1387","153.993128949728","153.99307165323","153.993169569621","1387.4607","1387.31004","1388.14774","7","7","668302.1875","960865.863049185","911696.690766994","874849.252706026","2275045.87682756","925626.258931373","1035931.3189954","2465520.60246518"
"M155T1397","154.989993603616","154.989980941511","154.9900397949","1397.10642","1396.69962","1397.99726","10","7","8958216","216692172.33196","211527541.963473","213649603.243553","216775507.953444","208370690.680473","208665484.994467","204097144.007901"
"M155T290","154.989998837759","154.989953420593","154.990054059392","290.0893","260.184394","347.383208","10","5","253268.457763672","287607.243891483","257193.022276163","254323.22015713","151929.634182792","185035.596165156","145148.177855015","228237.532099599"
"M155T352","155.154039941606","155.153997620348","155.154085622132","351.58018","350.264948","351.837044","7","7","187697.75","3294520.86959439","3297103.86743768","3123034.19182459","3203438.52555503","3562096.82365399","3460479.5498957","3308775.31444982"
"M156T1397","155.992322488055","155.989632912034","155.992407994232","1397.24064","1396.43472","1398.26462","22","7","694543.7265625","2626936.4616565","14314663.3074471","14346641.2296754","7259915.72210885","13869147.4341855","5541797.11549464","12383873.1810164"
"M156T351","156.157448450001","156.157428081089","156.157488060361","351.05573","349.997576","351.857678","7","7","23395.046875","127995.818982484","131761.939816581","265679.009292656","259631.843408738","132751.548148276","132175.695450489","119724.692267859"
"M156T743","156.120145027325","156.120136574206","156.120190203849","743.32837","741.93964","743.91282","4","4","52092.53515625","820815.53436437","1454517.5019527","896805.580651316","864425.124724555","830005.585977543","398402.059179405","463084.939844716"
"M157T1387","156.990480135865","156.965821331843","156.990535972584","1387.0734","1386.8107","1400.4271","12","7","3356604.0859375","16548031.804865","15377855.8906111","8701212.01264721","8786666.68108958","7349276.60755087","14998929.8460484","15286843.710215"
"M157T1175","156.990443236869","156.990426380777","156.990496215105","1175.27112","1173.67068","1175.81068","7","7","203862.765625","160116.617714094","113635.133677975","146214.843333738","259377.518994368","8325161.43693282","230921.060125346","167617.293165022"
"M157T1097","156.9904433296","156.990424488784","156.990478539098","1096.657","1075.25238","1113.76188","5","4","274383.186523438","269979.132478237","257826.982732773","159103.522729652","356625.694090802","257007.512313843","274145.421040963","195572.690622171"
"M158T1391","158.002630233125","158.002604265279","158.002670733193","1391.35536","1391.08362","1391.62426","10","7","1652930.87109375","26784391.7794467","26002566.7637272","24629254.2025092","25787386.9214836","26052973.8774176","25008105.0503069","26677857.3964018"
"M158T41","158.002649871245","158.002620690223","158.002667372044","41.1348416","40.003143","126.169192","8","7","170221.53125","2498257.65856152","742883.877157452","2587092.65929451","2263131.4591611","2682318.25440769","54522.3563072294","2316423.44173332"
"M158T726","158.153757328835","158.153726358495","158.153769250713","726.36678","725.99532","726.84344","8","7","625481.3125","3692308.59462987","3586601.47406027","3464616.85786733","3708234.07013594","3691472.42468518","3730563.0190413","3701673.09726385"
"M159T1397","158.961113817448","158.961014019476","158.985893146977","1396.9695","1387.04268","1398.79946","20","7","1607174.16992188","56148615.5996507","51439945.1073999","50820326.8438545","52889688.1045208","50567858.0522588","51286899.9898073","54508767.6672453"
"M159T97","158.961138280211","158.961027971342","158.961336542773","97.436898","36.5685732","213.523364","40","7","188073.109375","5590884.86211416","6021851.41053172","5483614.18185976","3053188.03526119","6017036.3833275","2585552.70312182","6999490.21627227"
"M159T1175","158.985887564979","158.985849196015","158.985920565506","1174.73784","1173.66798","1175.81112","4","4","82917.3046875","77012.5695584865","60167.3685575724","85732.5710954274","139273.758893875","77029.2014680862","43739.4447591698","66543.0893155098"
"M160T84","159.968919602097","159.968832072691","159.968994925137","84.131648","38.5184378","123.50034","34","7","328710.375","268276.545148172","9968317.46563107","4797749.40593892","5073535.21373841","301865.667559453","5064341.48222847","402572.999003311"
"M160T202","159.968971041476","159.968905410039","159.96901315391","202.28656","170.476004","205.75347","23","7","310304.9375","341121.349155183","432106.303341076","16012225.6232563","327038.603610758","375573.894001128","428658.248534748","11086017.214226"
"M161T1182","161.107095241033","161.107075658821","161.107130294342","1182.49642","1180.62108","1187.04306","7","7","127717.765625","82675.0278386884","97108.2392245231","103992.422552394","125171.106866383","74129.8895976711","103517.985505392","95051.7104803315"
"M164T1370","164.143180217882","164.14315310847","164.143197616411","1369.9569","1369.14554","1370.23044","7","7","624160.75","8463163.21354495","5897616.35028249","8366966.40475545","8741592.17209954","3179407.44645918","9150664.76471868","8704027.22104709"
"M164T1189","164.143197339068","164.143166463012","164.14323064841","1188.64726","1182.4905","1194.5301","7","7","258293.71875","194200.12740627","356533.037760925","176317.237893769","160859.564793759","212911.80229217","164476.250559338","151377.139905946"
"M166T1389","165.982718731494","165.982687130124","165.982754716118","1389.48522","1389.3527","1390.28388","7","7","1130266.375","3828664.72719598","9481799.46204549","9622354.8738146","4042535.87084582","5463892.66208929","9399766.45859673","3703359.98148323"
"M168T1391","167.98274695766","167.982057297986","167.982896842724","1391.21994","1390.7098","1394.52062","8","7","540498.140625","3697390.93600954","6006346.62021542","5782439.75273014","6050956.19880632","5750755.00414723","5918719.60175383","133493.436357449"
"M170T1394","169.977061004478","169.977047073962","169.977117446056","1393.89597","1393.68154","1394.29858","8","7","3665946.06640625","80045667.892083","77405304.9524436","75241993.5817609","79453096.3627448","74559398.0582875","74862545.5374632","73824797.5116132"
"M171T1393","171.007129954173","170.979364519703","171.034263459106","1392.55713","1390.54878","1394.76116","14","7","335928.5625","4199406.50325616","3976945.11177995","3946730.97802554","1917907.20110575","1785915.48914943","2297185.67530319","4006230.58479546"
"M171T542","171.148957735475","171.148884183107","171.14899745717","542.273964","542.04292","542.330544","7","7","1971021.375","15931050.9512505","16695568.2089383","15257656.7038987","16510802.8401366","16046052.9448513","15525358.9418119","16966750.4541193"
"M172T1398","171.99266621681","171.992644430534","171.992710764745","1398.27774","1397.76924","1399.91394","9","7","1315890.375","40311465.4759121","36404845.9400747","13458869.7235659","15606790.397802","34998094.3700575","14906755.4945558","22173776.1782011"
"M172T542","172.152281014159","172.152234909185","172.152331182727","542.04292","542.003454","542.29409","7","7","193945.010253906","1439937.95053888","1423622.20275117","1403788.26991777","1406829.50974364","1406481.40208985","1380079.50940229","1570926.88374701"
"M173T1396","172.956131336019","172.956092567458","173.030010413544","1396.00775","1388.67678","1397.19488","12","7","633960.875","4919397.34820981","10772759.5828167","10526436.7988634","394101.517136329","10529855.7184825","10653225.3103957","10682697.4306401"
"M173T69","172.976805395022","172.976766994042","172.976839551386","69.422078","69.162072","70.595624","11","7","236892.053710938","2418632.53475971","2564770.95839384","2243370.43265327","2083467.68711041","2467336.73820896","2357818.19925867","2654827.12173564"
"M174T69","173.983808897953","173.983762070355","173.983837416202","69.150244","68.352338","70.03088","5","5","49236.650390625","235235.016991497","286429.306454874","258830.399131813","221031.143953771","262134.515016295","116713.880096072","277413.638665955"
"M175T1395","174.953666188688","174.953567110781","174.953730727371","1394.56638","1394.29524","1395.62982","7","7","279856.171875","3746540.8023995","3633720.02545485","3651939.54536118","1577889.88425473","3671377.37840377","1605413.24386835","3734365.29110532"
"M175T1183","175.122769062935","175.122722329935","175.122802221543","1182.7639","1095.04452","1288.39422","11","6","160496","180527.268582797","96462.3872287282","119781.316482177","94619.0473748761","189949.852627495","129088.753424644","124140.241590025"
"M176T1392","176.013174470198","176.013152044122","176.013231061216","1392.42664","1391.62104","1469.44278","9","7","251657.9375","4084188.26561635","2328469.70035753","1483567.75692117","3776115.27757159","3685493.87187756","3528595.98121932","3959285.47105095"
"M177T1400","176.971657561102","176.971616718564","176.971717111689","1400.44974","1398.27774","1437.35466","7","5","371544.59375","23194282.1565004","10053802.1434538","9313990.25589871","164293.92285751","9502817.24543874","12643426.0922835","4578538.80554949"
"M178T1188","178.158777867862","178.158737970411","178.158822482962","1187.5779","1169.65938","1258.71342","9","7","210368.40625","195949.428102447","352157.071500013","7575611.7285901","211116.212269084","140302.955966258","213854.476789099","126960.462370338"
"M178T1369","178.158773998503","178.158734422122","178.158779638563","1369.42818","1368.89302","1369.69476","7","7","499265.1875","7853987.83721105","185970.425603864","6756845.83173864","6559765.34137935","4461198.25038633","6949073.91402529","6826155.28105563"
"M180T1392","179.985226774716","179.985188868913","179.985259394942","1391.75523","1390.81878","1392.1591","6","6","152011.359375","693249.502574748","707975.693664783","813566.778264021","793355.07131503","1378462.00544335","660606.579239578","635856.906561543"
"M181T1397","180.989565624917","180.989490828937","181.014215487489","1397.46548","1383.5982","1399.1122","13","7","143166.9375","1402868.59213846","87009.6807459302","85051.4195559665","89675.8456106175","2454516.42280485","2332356.76250225","1019341.5838645"
"M181T1181","181.014169423495","181.014153290617","181.014204246492","1180.88913","1179.0199","1183.29384","4","4","313636.9375","332111.712038363","412853.966646012","439059.74744202","375371.811965439","181115.15501949","330875.914532661","297801.472331047"
"M183T73","182.984956648413","182.984887597728","182.984996913787","73.303023","41.689636","125.32695","40","7","268549.34375","2860067.64721742","2374130.7107396","216290.023270531","310075.560892323","157437.358735473","168455.074828056","4500807.02459053"
"M183T208","182.984945698676","182.984899516073","182.984984752525","207.555452","185.880934","214.837226","22","6","300675.268554688","853416.367148331","10386984.7843952","235226.496093842","313668.410593536","387537.361050467","258040.901316188","259444.761734793"
"M183T1397","182.984929339037","182.984858904198","182.985004031772","1397.10333","1396.43208","1398.26462","12","7","1788559.92382812","44419633.7869589","42199055.0903792","42911142.9212731","43841889.1585599","42791233.1962406","41591238.880466","41478900.7262956"
"M184T1399","183.988211233292","183.988141818037","183.988255468394","1399.37801","1398.8451","1401.21636","6","6","126480.9921875","70636.6170359907","1801602.38703256","1478603.19154537","1838321.2608727","1774904.45249807","836314.882521656","26250.6353906191"
"M185T1382","184.98506859586","184.985042276232","184.985141920454","1381.7262","1381.44674","1381.99722","9","7","14827145","21212870.2020618","20093480.7273664","20237336.2011944","20325176.6029329","20133007.2745637","22192991.3519038","23549628.9191366"
"M185T1111","184.985277844049","184.985257257524","184.985350541907","1110.97187","1079.53122","1124.99484","10","7","336685.806640625","287817.265510433","207234.938062424","235113.730167008","245351.02282348","270710.565807255","802917.716441224","231603.393006209"
"M185T1312","184.985298593164","184.985257843424","184.985358806778","1311.5274","1306.31028","1319.419","8","7","401247.723144531","271202.963668053","457158.626573407","373144.658144797","285398.850270321","502275.309998951","542636.226702923","449023.742493105"
"M185T1189","184.985287305226","184.985265100162","184.985336198189","1188.64188","1185.17074","1190.51586","7","7","454521.751953125","554874.198252111","379361.739356921","346398.920779874","281680.478484477","7803263.16238892","228678.560309641","304468.387671821"
"M187T1386","186.980635666052","186.955949614325","186.992361262701","1386.218","1308.44976","1393.2289","22","7","5586280.5","14330739.7390816","14011546.0646843","7925949.62991249","8526690.67344059","8671459.04188571","12834650.2935559","7352904.96973769"
"M187T1191","186.980740435158","186.980712690951","186.980762323349","1190.51442","1114.6178","1191.5856","5","4","185145.640625","168800.277262134","277530.444044049","175242.699905205","104931.99156235","3160638.75393613","190067.985595322","156740.629468918"
"M191T69","190.987269439225","190.987227439021","190.987298282369","69.493122","69.154586","70.595624","7","7","74523.53125","606218.897062064","709478.088688231","597288.602794851","549329.899298765","654974.258880758","639365.74407485","721126.264861848"
"M196T1395","196.0165242167","196.016499913394","196.016593380734","1395.09498","1394.83014","1395.59036","7","7","499676.53125","9093805.61897296","4174875.0329793","8865022.83039897","8798438.37527971","8697469.23284488","8656164.67018908","8504629.40116034"
"M199T1390","199.029132685848","199.029094822157","199.029196529718","1389.75226","1389.21162","1390.01916","7","7","806784.6875","9076074.68708657","8619872.62653894","8113142.47145472","8270287.78517649","8485877.00564354","8025551.95411332","8680309.46846906"
"M200T1395","199.987586195658","199.975019720501","199.987653029894","1394.56014","1393.76406","1395.6351","15","7","1470785.375","40737271.2772044","37641872.3130711","35281214.6496105","1369141.13492405","22403275.5694531","770141.268685395","1137190.3787434"
"M200T906","200.200609568611","200.200567602716","200.200671132221","906.10901","905.43414","906.24102","6","6","53747.0390625","127239.77933259","126705.039503591","274185.600174549","112530.32883405","289114.843166453","197481.737371152","280031.248107727"
"M201T1401","200.993708593628","200.993668525814","200.993777042916","1400.9813","1399.64748","1402.05072","4","4","173241.2734375","3223449.96270099","1269261.35686611","65739.6240851991","67766.5825996429","2719654.0654887","1282794.65578813","1219059.17896171"
"M201T885","201.163469841428","201.163403552329","201.163502629321","884.57808","884.32964","885.10968","5","5","20187.525390625","9489.72358359363","117291.19293192","106211.493024817","119910.383088167","233495.436591714","10423.7438101156","124477.075699342"
"M202T113","202.179898736917","202.179863266371","202.179920258289","112.693974","112.29884","114.556332","6","6","30956.755859375","228448.089978036","189874.011723569","207712.913418938","170415.521369696","193169.254668514","192965.401436724","147192.253182701"
"M204T960","204.138022606455","204.137964219427","204.138079306046","959.99148","959.70508","959.99388","11","7","757832.875","3135564.34215368","3047380.15723849","2862464.62341243","2947990.93672005","3202562.60370866","2976836.55733356","3114292.78757346"
"M205T1387","205.016850032203","205.016833374528","205.016927401169","1387.3449","1387.31004","1387.6129","5","5","475368.90625","994115.720007191","1409401.31382846","1368422.64375091","961891.470506876","2411183.16236422","821557.621285826","2247285.47255353"
"M207T1177","207.017224120685","207.017204114583","207.017283459115","1177.14312","1175.53998","1179.02022","7","7","250354.53125","287151.524739759","244991.864114059","5580478.72455218","321339.54570046","160225.514558752","301988.927950253","119514.215585129"
"M209T1176","209.012651898539","209.012633054567","209.012724843769","1176.07758","1115.21974","1179.0199","9","7","103316.7734375","120814.800352108","48295.0147028934","117983.255435622","140374.102221559","102329.350438357","126601.112840626","79258.2664525354"
"M209T785","209.153299306856","209.153264508601","209.189723042702","784.84296","783.98682","822.08232","6","6","62708.71484375","406363.482639193","535070.533919919","500181.506115245","547317.017133308","555854.009888489","498823.067682726","301447.704339649"
"M209T545","209.200952437613","209.200848617385","209.20097175274","545.215704","544.947306","546.034796","7","7","65805.765625","509307.907123129","522244.942620296","282199.463230304","511795.317056573","533334.081301829","277826.398221274","544812.417705016"
"M214T69","214.003222407018","214.003192850183","214.003257349779","69.19473","69.115328","70.308246","7","7","57663.91015625","468348.337326735","512380.315505369","421677.207697822","415627.160262706","450315.13259396","470934.703256428","272506.778535086"
"M214T1394","213.982561444667","213.982538980788","213.982600008317","1394.4938","1394.03154","1395.32288","7","7","248785.328125","2929526.80273805","2719900.3236755","86680.7414085742","1456191.13518964","2569600.12857423","1264255.09981256","86769.3976083232"
"M216T1126","215.983011860998","215.982979364447","215.983058012609","1126.13191","1110.82266","1149.06222","6","5","147271.796875","129107.53257327","102928.078819679","234101.506239329","122227.173753138","86869.3208214648","45715.064163208","71461.3951969147"
"M219T642","219.174016308757","219.173989632863","219.174091393106","642.0043","641.48844","642.58602","7","7","1027831.5625","4547663.65579316","4450379.18471922","4373173.13952243","4320930.32270214","4806818.42636283","4391216.18639712","4825870.06278216"
"M223T89","223.063305028011","223.063238048682","223.063350777568","88.984218","40.6199008","93.172362","21","7","170348.5625","5022657.53284411","2210556.57504769","4503713.41602825","1878067.32405685","2214045.44967356","1807884.83186579","2115031.30424912"
"M223T203","223.063321991209","223.06328622334","223.063374661401","202.868987","149.171894","211.90167","18","7","135972.336914062","159184.203474342","115871.008084065","183285.37523088","111736.555312922","152615.614826796","175914.277666463","147872.956420301"
"M223T1462","223.063325632863","223.063270075143","223.063419468017","1462.20914","1456.34202","1499.67256","13","7","92845.3125","119642.713531872","60290.7771046996","112347.974696827","61280.3062710713","167902.600821415","118194.672096226","85321.4743109465"
"M224T1387","223.98801282414","223.987966230266","223.988082427655","1387.34554","1387.31004","1387.61322","7","7","808311.9375","4928423.91976393","4649362.53757879","4457616.72542366","2294482.75639273","2540108.59184875","4613544.05904705","4567336.99597745"
"M225T738","225.195770832596","225.195717054002","225.195796548007","738.45694","738.28712","738.95066","8","7","1521475.5","6204710.22982664","6333372.11789469","6074453.19703858","6290053.14770032","6306910.53610245","6075762.71001281","6367116.99981538"
"M226T1339","226.011700081475","226.011534068059","226.01178835442","1338.67416","1310.3232","1377.97974","15","7","204602.625","132436.362108701","189948.296103145","119012.155844224","138136.302412508","132679.172156436","249768.240922536","219068.668687275"
"M226T1191","226.011741663389","226.011690883534","226.011788720947","1190.787","1115.63382","1196.6652","9","7","145128.421875","134882.27827642","115951.341866709","160044.319893748","151106.075645261","86400.9388110988","74224.2660163895","132422.308116345"
"M228T1390","227.982418222799","227.98238237913","228.018832692728","1390.24178","1389.74904","1391.8911","11","7","690357.125","7084717.57038718","6992009.50843971","6377421.38825252","1331897.23992653","2931138.40361521","6212392.43449652","6616477.02029425"
"M228T712","228.195475556363","228.195410168959","228.195515286808","712.33028","712.14654","713.59214","8","7","121535.546875","1388040.57157545","1406092.57425763","1385672.69104182","726882.800732805","1424922.33490863","1343672.57351223","1455402.67930634"
"M229T713","229.19881135919","229.198779867974","229.19887293681","712.56327","712.14654","712.89144","4","4","20698.8671875","95232.6026283322","135512.983659761","76767.2096500394","80374.9178649001","120548.449135418","73951.7616070638","115358.423122073"
"M233T162","232.979779922744","232.979751442592","232.979833875618","161.875849","157.77697","162.743144","6","6","92278.6982421875","982614.536882923","505351.000430013","835267.275779321","467592.50644626","460547.793135477","864619.344563463","394278.375039469"
"M245T983","245.113704589786","245.113622501619","245.113736510669","983.14801","982.99116","983.5275","4","4","80237.484375","403362.828877498","445754.833711977","155966.391916034","166515.422846044","308717.73180228","300888.384537165","316483.284604375"
"M248T1398","247.942870747878","247.94284539127","247.94296016619","1398.27774","1397.23446","1399.1122","7","7","211567.71875","4206017.3771652","2194537.25257365","130556.34518907","120739.359078237","3962446.96461252","4048695.47288477","1752693.97243183"
"M249T58","249.184516825693","249.184458048419","249.184543918033","57.9938268","55.8332992","87.037744","9","7","302065.125","8967493.45598815","12077007.0294517","9934145.19398551","3224722.5619895","13167846.6216947","11154511.7131338","5548098.36532074"
"M250T712","250.177388521403","250.177320964355","250.177435406369","712.28756","711.8217","713.07444","5","5","31405.0625","461788.926679451","267242.250807598","246685.427706625","135279.307800252","486451.457671722","245548.870302027","129577.843727078"
"M259T885","259.166462364605","259.1664268375","259.166490628195","884.571","884.06228","885.10968","4","4","18624.876953125","161647.201265617","154877.552395765","104522.806814808","163035.828831868","92699.0932575207","179388.446912953","93193.3161560494"
"M264T641","264.231770707458","264.231733394484","264.231857526035","641.48715","641.47682","642.04118","6","6","882096.8125","2881017.78089248","3010953.7247264","2913123.61684832","3029094.51973626","3004431.43672523","2787839.49861724","3001835.95780631"
"M269T213","269.106190631006","269.10613037839","269.106223946731","213.168812","212.57682","213.996668","5","5","310238.259765625","1383321.72235377","2568081.51844531","0","739.264159752729","1545490.2005983","1327092.83700149","1368451.99261334"
"M277T1403","276.896264019486","276.896223758021","276.896346313556","1403.124","1402.31556","1404.71282","7","7","158824.96875","2081750.90024037","3193297.35695106","69033.4659965665","85716.0364959425","3286817.76448187","3200168.67183256","3327615.85221291"
"M279T1027","279.158635255607","279.158524338875","279.158719984519","1026.60434","1026.04686","1026.85056","7","7","187045.4375","1590969.55396947","1417148.37781682","1319888.06701761","1592251.34067117","1467493.20284209","1506155.64607438","1791679.62779609"
"M283T1393","282.909928142053","282.9098902636","282.91001758043","1393.22298","1392.95814","1393.71842","7","7","449538.34375","5362951.73328554","5317875.3149665","5057067.59247572","5188506.69538994","4878687.49717601","4872240.99784453","4675387.80197608"
"M284T965","284.330729400133","284.330687392912","284.33078627281","965.07354","964.79252","966.40752","5","5","73965.8046875","382792.75052811","371215.976977737","677517.831212934","728709.975580487","760896.783575205","716832.319265253","755648.249009553"
"M288T1403","287.888302812373","287.888222711643","287.888355643407","1402.58871","1401.78066","1403.91056","6","6","191088.765625","2200230.18589211","2055467.70707774","1077914.58711067","2068083.43356011","2100206.67847761","2205224.39588635","69745.8805394374"
"M295T1398","294.86242349214","294.862309823409","294.862443983113","1398.30994","1396.93064","1398.8451","5","5","145028.84375","2451923.31280071","2334035.58823138","2256602.4250412","51170.3161950543","2273864.39842142","1085445.77404412","2240520.82725944"
"M297T70","297.0820084954","297.081896277874","297.082039794104","69.6535109","42.2245168","213.416292","14","7","69506.9765625","865761.052751526","811083.326497996","724847.596145609","32784.9287756491","61635.2764746726","1361925.64456278","58040.6611917312"
"M300T1398","299.912183438516","299.912158121094","299.912266022914","1398.04258","1397.23446","1399.60172","7","7","235579.25","2175896.04842574","3848328.45461548","4071775.26433651","1861896.84134455","1805687.23283195","3898949.32351143","1822039.9071107"
"M304T1390","303.883291609905","303.88328055745","303.883407941502","1390.02006","1389.63006","1390.554","5","5","371269.84375","1246404.43246176","2787590.81289923","2617653.56095591","2805451.3534222","2489318.4477697","2656723.21804194","2405188.88505918"
"M305T1400","304.89113468863","304.891052569529","304.891225027361","1399.63436","1399.38","1400.44884","4","4","137284.59375","933233.216984517","906934.614865405","1638431.67326339","2078534.78096179","1602734.14997716","2119364.62266524","1512410.02513638"
"M307T148","307.082789097415","307.082723805385","307.082861373384","148.319504","146.766564","148.771474","4","4","296083.875","581.060160705021","629.520733942464","1178388.62770002","1000052.42032083","1244155.7622653","592049.45569077","438938.170633112"
"M326T1321","325.936884694905","325.936842786956","325.936946676597","1321.02093","1313.79714","1354.71348","8","6","148284.859375","106979.137660762","139738.178492245","87460.5362414113","133950.606440757","81880.7824246574","4246535.28981456","93795.4481697083"
"M329T1401","328.914873856267","328.914794591685","328.914937555567","1401.23948","1400.44356","1402.2961","7","7","342897.3125","2726547.84610474","5422737.32227621","5427882.44349592","5495601.7964404","5219904.75486578","5307564.43625703","5043645.92530741"
"M438T1138","438.378381672001","438.378303935966","438.378558994533","1138.38402","1138.0977","1139.0833","6","6","102178.9296875","960004.454644749","898583.340639735","895736.820948329","453620.81922911","971313.356158225","968460.274863146","940297.083896139"
"M482T1135","482.404703322625","482.404502535811","482.404803836272","1134.65005","1134.35478","1134.88914","4","4","74687.078125","690756.169350417","644360.354240761","616579.489631236","680115.940542881","647630.963214698","319421.714834095","641274.083273656"
"M526T1130","526.430966222019","526.430778224584","526.431049492984","1129.94169","1129.70368","1130.34276","4","4","56691.55859375","365538.409911588","368756.949184936","375936.960583315","377157.994875698","374463.903722712","384822.422479793","414808.261287643"
"M536T1199","536.165073318771","536.164988139258","536.165224889202","1199.33844","1192.92072","1203.88728","7","7","211716.328125","151897.89541861","3861666.61098982","100126.10063904","106985.294552819","186084.793531039","137456.163516082","244771.525382337"
"M537T1200","537.165574216659","537.165421837054","537.165727030384","1199.87328","1191.31614","1203.88728","7","7","91382.1796875","47687.8648700351","96206.1424042957","72487.3272684383","48558.8046853153","70955.9535996034","2135802.79370124","73571.0791551709"
"M538T1293","537.534983749107","537.534889523065","537.535133301308","1293.20634","1291.06644","1295.34474","7","7","112110.0390625","2333139.96435638","2229055.21396123","70038.055341791","2184528.21862243","1089375.13367367","1041889.23364169","71129.7619750823"
"M761T1181","760.583563403653","760.583279108981","760.583790103547","1181.02287","1177.4094","1185.973","6","6","281569.40625","163403.091875037","60522.3386578246","66567.9110500726","30091.8055716857","103396.938870294","153809.961145329","294248.254569647"
"M787T1181","786.599133811038","786.599000445666","786.59916398581","1181.02577","1172.86848","1183.56078","4","4","278562.96875","48105.4469103612","14461.417787075","6588.7621986866","16901.3493431284","129775.549572201","119311.216235063","263594.49422349"
